title,location,date,chapter
Charter of the United Nations,San Francisco,26 June 1945,Charter of the United Nations and Statute of the International Court of Justice
Declarations of Acceptance of the Obligations contained in the Charter of the United Nations – Admission of States to Membership in the United Nations in accordance with Article 4 of the Charter,San Francisco,24 October 1945,Charter of the United Nations and Statute of the International Court of Justice
Statute of the International Court of Justice,San Francisco,24 October 1945,Charter of the United Nations and Statute of the International Court of Justice
"Declarations recognizing as compulsory the jurisdiction of the International Court of Justice under Article 36, paragraph 2, of the Statute of the Court",,15 October 1946,Charter of the United Nations and Statute of the International Court of Justice
Revised General Act for the Pacific Settlement of International Disputes,New York,28 April 1949,Pacific Settlement of International Disputes
Convention on the Privileges and Immunities of the United Nations,New York,13 February 1946,"Privileges and Immunities, Diplomatic and Consular Relations, etc."
Convention on the Privileges and Immunities of the Specialized Agencies,New York,21 November 1947,"Privileges and Immunities, Diplomatic and Consular Relations, etc."
Vienna Convention on Diplomatic Relations,Vienna,18 April 1961,"Privileges and Immunities, Diplomatic and Consular Relations, etc."
"Optional Protocol to the Vienna Convention on Diplomatic Relations, concerning Acquisition of Nationality",Vienna,18 April 1961,"Privileges and Immunities, Diplomatic and Consular Relations, etc."
"Optional Protocol to the Vienna Convention on Diplomatic Relations, concerning the Compulsory Settlement of Disputes",Vienna,18 April 1961,"Privileges and Immunities, Diplomatic and Consular Relations, etc."
Vienna Convention on Consular Relations,Vienna,24 April 1963,"Privileges and Immunities, Diplomatic and Consular Relations, etc."
Optional Protocol to the Vienna Convention on Consular Relations concerning Acquisition of Nationality,Vienna,24 April 1963,"Privileges and Immunities, Diplomatic and Consular Relations, etc."
Optional Protocol to the Vienna Convention on Consular Relations concerning the Compulsory Settlement of Disputes,Vienna,24 April 1963,"Privileges and Immunities, Diplomatic and Consular Relations, etc."
Convention on Special Missions,New York,8 December 1969,"Privileges and Immunities, Diplomatic and Consular Relations, etc."
Optional Protocol to the Convention on Special Missions concerning the compulsory settlement of disputes,New York,8 December 1969,"Privileges and Immunities, Diplomatic and Consular Relations, etc."
Vienna Convention on the Representation of States in their Relations with International Organizations of a Universal Character,Vienna,14 March 1975,"Privileges and Immunities, Diplomatic and Consular Relations, etc."
"Vienna Convention on Succession of States in Respect of State Property, Archives and Debts",Vienna,8 April 1983,"Privileges and Immunities, Diplomatic and Consular Relations, etc."
United Nations Convention on Jurisdictional Immunities of States and Their Property,New York,2 December 2004,"Privileges and Immunities, Diplomatic and Consular Relations, etc."
Geneva Convention relative to the Protection of Civilian Persons in Time of War,Geneva,12 August 1949,Human Rights
Convention on the Prevention and Punishment of the Crime of Genocide,Paris,9 December 1948,Human Rights
International Convention on the Elimination of All Forms of Racial Discrimination,New York,7 March 1966,Human Rights
"International Covenant on Economic, Social and Cultural Rights",New York,16 December 1966,Human Rights
"Optional Protocol to the International Covenant on Economic, Social and Cultural Rights",New York,10 December 2008,Human Rights
International Covenant on Civil and Political Rights,New York,16 December 1966,Human Rights
Optional Protocol to the International Covenant on Civil and Political Rights,New York,16 December 1966,Human Rights
Convention on the non-applicability of statutory limitations to war crimes and crimes against humanity,New York,26 November 1968,Human Rights
International Convention on the Suppression and Punishment of the Crime of Apartheid,New York,30 November 1973,Human Rights
Convention on the Elimination of All Forms of Discrimination against Women,New York,18 December 1979,Human Rights
Optional Protocol to the Convention on the Elimination of All Forms of Discrimination against Women,New York,6 October 1999,Human Rights
"Convention against Torture and Other Cruel, Inhuman or Degrading Treatment or Punishment",New York,10 December 1984,Human Rights
"Optional Protocol to the Convention against Torture and Other Cruel, Inhuman or Degrading Treatment or Punishment",New York,18 December 2002,Human Rights
International Convention against Apartheid in Sports,New York,10 December 1985,Human Rights
Convention on the Rights of the Child,New York,20 November 1989,Human Rights
Optional Protocol to the Convention on the Rights of the Child on the involvement of children in armed conflict,New York,25 May 2000,Human Rights
"Optional Protocol to the Convention on the Rights of the Child on the sale of children, child prostitution and child pornography",New York,25 May 2000,Human Rights
Optional Protocol to the Convention on the Rights of the Child on a communications procedure,New York,19 December 2011,Human Rights
"Second Optional Protocol to the International Covenant on Civil and Political Rights, aiming at the abolition of the death penalty",New York,15 December 1989,Human Rights
International Convention on the Protection of the Rights of All Migrant Workers and Members of their Families,New York,18 December 1990,Human Rights
Agreement establishing the Fund for the Development of the Indigenous Peoples of Latin America and the Caribbean,Madrid,24 July 1992,Human Rights
Convention on the Rights of Persons with Disabilities,New York,13 December 2006,Human Rights
Optional Protocol to the Convention on the Rights of Persons with Disabilities,New York,13 December 2006,Human Rights
International Convention for the Protection of All Persons from Enforced Disappearance,New York,20 December 2006,Human Rights
Constitution of the International Refugee Organization,New York,15 December 1946,Refugees and Stateless Persons
Convention relating to the Status of Refugees,Geneva,28 July 1951,Refugees and Stateless Persons
Convention relating to the Status of Stateless Persons,New York,28 September 1954,Refugees and Stateless Persons
Convention on the Reduction of Statelessness,New York,30 August 1961,Refugees and Stateless Persons
Protocol relating to the Status of Refugees,New York,31 January 1967,Refugees and Stateless Persons
"Protocol amending the Agreements, Conventions and Protocols on Narcotic Drugs, concluded at The Hague on 23 January 1912, at Geneva on 11 February 1925 and 19 February 1925, and 13 July 1931, at Bangkok on 27 November 1931 and at Geneva on 26 June 1936","Lake Success, New York",11 December 1946,Narcotic Drugs and Psychotropic Substances
International Opium Convention,The Hague,23 January 1912,Narcotic Drugs and Psychotropic Substances
"Agreement concerning the Suppression of the Manufacture of, Internal Trade in, and Use of, Prepared Opium",Geneva,11 February 1925,Narcotic Drugs and Psychotropic Substances
"Agreement concerning the Suppression of the Manufacture of, Internal Trade in, and Use of, Prepared Opium","Lake Success, New York",11 December 1946,Narcotic Drugs and Psychotropic Substances
International Opium Convention,Geneva,19 February 1925,Narcotic Drugs and Psychotropic Substances
Protocol to the International Opium Convention,Geneva,19 February 1925,Narcotic Drugs and Psychotropic Substances
Convention for Limiting the Manufacture and Regulating the Distribution of Narcotic Drugs,Geneva,13 July 1931,Narcotic Drugs and Psychotropic Substances
Protocol of Signature of the Convention for Limiting the Manufacture and Regulating the Distribution of Narcotic Drugs,Geneva,13 July 1931,Narcotic Drugs and Psychotropic Substances
Agreement concerning the Suppression of Opium Smoking,"Lake Success, New York",11 December 1946,Narcotic Drugs and Psychotropic Substances
Agreement concerning the Suppression of Opium Smoking,Bangkok,27 November 1931,Narcotic Drugs and Psychotropic Substances
Convention for the Suppression of the Illicit Traffic in Dangerous Drugs,Geneva,26 June 1936,Narcotic Drugs and Psychotropic Substances
Convention of 1936 for the Suppression of the Illicit Traffic in Dangerous Drugs,Geneva,26 June 1936,Narcotic Drugs and Psychotropic Substances
Protocol of Signature of the Convention of 1936 for the Suppression of the Illicit Traffic in Dangerous Drugs,Geneva,26 June 1936,Narcotic Drugs and Psychotropic Substances
Protocol Bringing under International Control Drugs Outside the Scope of the Convention of 13 July 1931 for Limiting the Manufacture and Regulating the Distribution of Narcotic Drugs,Paris,19 November 1948,Narcotic Drugs and Psychotropic Substances
"Protocol for Limiting and Regulating the Cultivation of the Poppy Plant, the Production of, International and Wholesale Trade in, and use of Opium",New York,23 June 1953,Narcotic Drugs and Psychotropic Substances
"Single Convention on Narcotic Drugs, 1961",New York,30 March 1961,Narcotic Drugs and Psychotropic Substances
Convention on psychotropic substances,Vienna,21 February 1971,Narcotic Drugs and Psychotropic Substances
"Protocol amending the Single Convention on Narcotic Drugs, 1961",Geneva,25 March 1972,Narcotic Drugs and Psychotropic Substances
"Single Convention on Narcotic Drugs, 1961",New York,8 August 1975,Narcotic Drugs and Psychotropic Substances
United Nations Convention against Illicit Traffic in Narcotic Drugs and Psychotropic Substances,Vienna,20 December 1988,Narcotic Drugs and Psychotropic Substances
"International Convention for the Suppression of the Traffic in Women and Children, concluded at Geneva on 30 September 1921, as amended by the Protocol signed at Lake Success on 1947","Lake Success, New York",12 November 1947,Traffic in Persons
International Convention for the Suppression of the Traffic in Women and Children,Geneva,30 September 1921,Traffic in Persons
International Convention for the Suppression of the Traffic in Women of Full Age,Geneva,11 October 1933,Traffic in Persons
"Protocol amending the International Agreement for the Suppression of the “White Slave Traffic”, signed at Paris on 18 May 1904, and the International Convention for the Suppression of the White Slave Traffic, signed at Paris on 4 May 1910","Lake Success, New York",4 May 1949,Traffic in Persons
International Agreement for the Suppression of the “White Slave Traffic”,Paris,18 May 1904,Traffic in Persons
International Convention for the Suppression of the White Slave Traffic,Paris,4 May 1910,Traffic in Persons
Convention for the Suppression of the Traffic in Persons and of the Exploitation of the Prostitution of Others,"Lake Success, New York",21 March 1950,Traffic in Persons
Final Protocol to the Convention for the Suppression of the Traffic in Persons and of the Exploitation of the Prostitution of Others,"Lake Success, New York",21 March 1950,Traffic in Persons
"Protocol to amend the Convention for the suppression of the circulation of, and traffic in, obscene publications, concluded at Geneva on 12 September 1923","Lake Success, New York",12 November 1947,Obscene Publications
International Convention for the Suppression of the Circulation of and Traffic in Obscene Publications,Geneva,12 September 1923,Obscene Publications
"Protocol amending the Agreement for the Suppression of the Circulation of Obscene Publications, signed at Paris, on 4 May 1910","Lake Success, New York",4 May 1949,Obscene Publications
Agreement for the Repression of Obscene Publications,Paris,4 May 1910,Obscene Publications
Constitution of the World Health Organization,New York,22 July 1946,Health
Protocol concerning the Office international d’hygiène publique,New York,22 July 1946,Health
Agreement on the establishment of the International Vaccine Institute,New York,28 October 1996,Health
WHO Framework Convention on Tobacco Control,Geneva,21 May 2003,Health
Protocol to Eliminate Illicit Trade in Tobacco Products,Seoul,12 November 2012,Health
General Agreement on Tariffs and Trade,Geneva,30 October 1947,International Trade and Development
Havana Charter for an International Trade Organization*,Havana,24 March 1948,International Trade and Development
Agreement on most-favoured-nation treatment for areas of Western Germany under military occupation,Geneva,14 September 1948,International Trade and Development
Agreement establishing the African Development Bank,Khartoum,4 August 1963,International Trade and Development
Convention on Transit Trade of Land-locked States,New York,8 July 1965,International Trade and Development
Agreement establishing the Asian Development Bank,Manila,4 December 1965,International Trade and Development
Articles of Association for the establishment of an Economic Community of West Africa,Accra,4 May 1967,International Trade and Development
Agreement establishing the Caribbean Development Bank,Kingston,18 October 1969,International Trade and Development
Convention on the Limitation Period in the International Sale of Goods,New York,14 June 1974,International Trade and Development
Protocol amending the Convention on the Limitation Period in the International Sale of Goods,Vienna,11 April 1980,International Trade and Development
Agreement establishing the International Fund for Agricultural Development,Rome,13 June 1976,International Trade and Development
Constitution of the United Nations Industrial Development Organization,Vienna,8 April 1979,International Trade and Development
United Nations Convention on Contracts for the International Sale of Goods,Vienna,11 April 1980,International Trade and Development
Charter of the Asian and Pacific Development Centre,Bangkok,1 April 1982,International Trade and Development
Amendments to the Charter of the Asian and Pacific Development Centre,Kuala Lumpur,16 July 1998,International Trade and Development
United Nations Convention on International Bills of Exchange and International Promissory Notes,New York,9 December 1988,International Trade and Development
United Nations Convention on the Liability of Operators of Transport Terminals in International Trade,Vienna,19 April 1991,International Trade and Development
Agreement to establish the South Centre,Geneva,1 September 1994,International Trade and Development
United Nations Convention on Independent Guarantees and Stand-by Letters of Credit,New York,11 December 1995,International Trade and Development
Agreement Establishing the Bank for Economic Cooperation and Development in the Middle East and North Africa,Cairo,28 August 1996,International Trade and Development
United Nations Convention on the Assignment of Receivables in International Trade,New York,12 December 2001,International Trade and Development
United Nations Convention on the Use of Electronic Communications in International Contracts,New York,23 November 2005,International Trade and Development
Multilateral Agreement for the Establishment of an International Think Tank for Landlocked Developing Countries,New York,24 September 2010,International Trade and Development
Framework Agreement on Facilitation of Cross-border Paperless Trade in Asia and the Pacific,Bangkok,19 May 2016,International Trade and Development
Amendments to the Framework Agreement on Facilitation of Cross-border Paperless Trade in Asia and the Pacific,Bangkok,29 April 2022,International Trade and Development
United Nations Convention on the International Effects of Judicial Sales of Ships,New York,7 December 2022,International Trade and Development
"Agreement providing for the provisional application of the Draft International Customs Conventions on Touring, on Commercial Road Vehicles and on the International Transport of Goods by Road",Geneva,16 June 1949,Transport and Communications
"Additional Protocol to the Agreement providing for the provisional application of the Draft International Customs Conventions on Touring, on Commercial Road Vehicles and on the International Transport of Goods by Road",Geneva,16 June 1949,Transport and Communications
"Additional Protocol to the Agreement providing for the provisional application of the Draft International Customs Conventions on Touring, on Commercial Road Vehicles and on the International Transport of Goods by Road, relating to the International Transport of goods by container under the T.I.R. Carnet Régime",Geneva,11 March 1950,Transport and Communications
"Additional Protocol amending certain provisions of the Agreement providing for the provisional application of the Draft International Customs Conventions on Touring, on Commercial Road Vehicles and on the International Transport of Goods by Road",Geneva,28 November 1952,Transport and Communications
International Convention to Facilitate the Importation of Commercial Samples and Advertising Material,Geneva,7 November 1952,Transport and Communications
Convention concerning Customs Facilities for Touring,New York,4 June 1954,Transport and Communications
"Additional Protocol to the Convention concerning Customs Facilities for Touring, relating to the Importation of Tourist Publicity Documents and Material",New York,4 June 1954,Transport and Communications
Customs Convention on the Temporary Importation of Private Road Vehicles,New York,4 June 1954,Transport and Communications
Customs Convention on Containers,Geneva,18 May 1956,Transport and Communications
Customs Convention on the Temporary Importation of Commercial Road Vehicles,Geneva,18 May 1956,Transport and Communications
Customs Convention on the Temporary Importation for Private Use of Aircraft and Pleasure Boats,Geneva,18 May 1956,Transport and Communications
Customs Convention concerning spare parts used for repairing EUROP wagons,Geneva,15 January 1958,Transport and Communications
Customs Convention on the International Transport of Goods under Cover of TIR Carnets (TIR Convention),Geneva,15 January 1959,Transport and Communications
European Convention on Customs Treatment of Pallets used in International Transport,Geneva,9 December 1960,Transport and Communications
"Customs Convention on Containers, 1972",Geneva,2 December 1972,Transport and Communications
Customs Convention on the International Transport of Goods under Cover of TIR Carnets (TIR Convention),Geneva,14 November 1975,Transport and Communications
International Convention on the Harmonization of Frontier Controls of Goods,Geneva,21 October 1982,Transport and Communications
Convention on Customs Treatment of Pool Containers used in International Transport,Geneva,21 January 1994,Transport and Communications
Convention on Road Traffic,Geneva,19 September 1949,Road Traffic
Protocol concerning countries or territories at present occupied,Geneva,19 September 1949,Road Traffic
Protocol on Road Signs and Signals,Geneva,19 September 1949,Road Traffic
European Agreement supplementing the 1949 Convention on road traffic and the 1949 Protocol on road signs and signals,Geneva,16 September 1950,Road Traffic
European Agreement on the application of article 3 of annex 7 of the 1949 Convention on Road Traffic Concerning the Dimensions and Weights of Vehicles Permitted to Travel on Certain Roads of the Contracting Parties,Geneva,16 September 1950,Road Traffic
"European Agreement on the application of article 23 of the 1949 Convention on road traffic, concerning the dimensions and weights of vehicles permitted to travel on certain roads of the Contracting Parties",Geneva,16 September 1950,Road Traffic
Declaration on the construction of main international traffic arteries,Geneva,16 September 1950,Road Traffic
General Agreement on Economic Regulations for International Road Transport,Geneva,17 March 1954,Road Traffic
"Agreement on Signs for Road Works, amending the European Agreement of 16 September 1950 supplementing the 1949 Convention on Road Traffic and the 1949 Protocol on Road Signs and Signals",Geneva,16 December 1955,Road Traffic
Convention on the Taxation of Road Vehicles for Private Use in International Traffic,Geneva,18 May 1956,Road Traffic
Convention on the Contract for the International Carriage of Goods by Road (CMR),Geneva,19 May 1956,Road Traffic
Protocol to the Convention on the Contract for the International Carriage of Goods by Road (CMR),Geneva,5 July 1978,Road Traffic
Additional Protocol to the Convention on the Contract for the International Carriage of Goods by Road (CMR) concerning the Electronic Consignment Note,Geneva,20 February 2008,Road Traffic
Convention on the Taxation of Road Vehicles engaged in International Goods Transport,Geneva,14 December 1956,Road Traffic
Convention on the Taxation of Road Vehicles Engaged in International Passenger Transport,Geneva,14 December 1956,Road Traffic
Agreement concerning the International Carriage of Dangerous Goods by Road (ADR),Geneva,30 September 1957,Road Traffic
European Agreement on Road Markings,Geneva,13 December 1957,Road Traffic
"Agreement concerning the Adoption of Harmonized Technical United Nations Regulations for Wheeled Vehicles, Equipment and Parts which can be Fitted and/or be Used on Wheeled Vehicles and the Conditions for Reciprocal Recognition of Approvals Granted on the Basis of these United Nations Regulations",Geneva,20 March 1958,Road Traffic
Agreement on Special Equipment for the Transport of Perishable Foodstuffs and on the Use of such Equipment for the International Transport of some of those Foodstuffs,Geneva,15 January 1962,Road Traffic
European Agreement concerning the Work of Crews of Vehicles Engaged in International Road Transport (AETR),Geneva,19 January 1962,Road Traffic
Convention on Road Traffic,Vienna,8 November 1968,Road Traffic
Convention on Road Signs and Signals,Vienna,8 November 1968,Road Traffic
European Agreement concerning the Work of Crews of Vehicles Engaged in International Road Transport (AETR),Geneva,1 July 1970,Road Traffic
Agreement on the International Carriage of Perishable Foodstuffs and on the Special Equipment to be used for such Carriage (ATP),Geneva,1 September 1970,Road Traffic
European Agreement supplementing the Convention on road traffic opened for signature at Vienna on 8 November 1968,Geneva,1 May 1971,Road Traffic
European Agreement supplementing the Convention on Road Signs and Signals opened for signature at Vienna on 8 November 1968,Geneva,1 May 1971,Road Traffic
"Protocol on Road Markings, additional to the European Agreement supplementing the Convention on Road Signs and Signals opened for signature at Vienna on 8 November 1968",Geneva,1 March 1973,Road Traffic
Convention on the contract for the international carriage of passengers and luggage by road (CVR),Geneva,1 March 1973,Road Traffic
Protocol to the Convention on the contract for the international carriage of passengers and luggage by road (CVR),Geneva,5 July 1978,Road Traffic
Agreement on minimum requirements for the issue and validity of driving permits (APC),Geneva,1 April 1975,Road Traffic
European Agreement on main international traffic arteries (AGR),Geneva,15 November 1975,Road Traffic
Intergovernmental Agreement on the Establishment of an Inter-African Motor Vehicle Third Party Liability Insurance Card,New York,1 October 1978,Road Traffic
"Convention on Civil Liability for Damage caused during Carriage of Dangerous Goods by Road, Rail and Inland Navigation Vessels (CRTD)",Geneva,10 October 1989,Road Traffic
Agreement concerning the Adoption of Uniform Conditions for Periodical Technical Inspections of Wheeled Vehicles and the Reciprocal Recognition of such Inspections,Vienna,13 November 1997,Road Traffic
Rule No. 1. Uniform provisions for periodical technical inspections of wheeled vehicles with regard to the protection of the environment,Geneva,14 December 2001,Road Traffic
Rule No. 2. Uniform provisions for periodical technical inspections of wheeled vehicles with regard to their roadworthiness,Geneva,13 November 2009,Road Traffic
"Rule No. 3. Periodical Technical Inspections of motor vehicles using Compressed Natural Gas (CNG), Liquefied Petroleum Gas (LPG) and/or Liquefied Natural Gas (LNG) in their propulsion system",Geneva,14 November 2018,Road Traffic
Rule No. 4. Uniform provisions for periodical technical inspections of motor vehicles equipped with electric or hybrid propulsion system(s) with regard their roadworthiness,Geneva,14 November 2018,Road Traffic
"Agreement concerning the Establishing of Global Technical Regulations for Wheeled Vehicles, Equipment and Parts which can be fitted and/or be used on Wheeled Vehicles",Geneva,25 June 1998,Road Traffic
Agreement on International Roads between Arab Countries,Beirut,10 May 2001,Road Traffic
Intergovernmental Agreement on the Asian Highway Network,Bangkok,18 November 2003,Road Traffic
Amendments to the main text of the International Agreement on the Asian Highway Network,Bangkok,15 December 2017,Road Traffic
International Convention to facilitate the crossing of frontiers for passengers and baggage carried by rail,Geneva,10 January 1952,Transport by Rail
International Convention to facilitate the crossing of frontiers for goods carried by rail,Geneva,10 January 1952,Transport by Rail
European Agreement on Main International Railway Lines (AGC),Geneva,31 May 1985,Transport by Rail
Amendments to the main text of the European Agreement on Main International Railway Lines (AGC),Geneva,17 November 2023,Transport by Rail
Agreement on International Railways between Arab Countries,Beirut,14 April 2003,Transport by Rail
Intergovernmental Agreement on the Trans-Asian Railway Network (with annexes),Jakarta,12 April 2006,Transport by Rail
Amendments to the main text of the Intergovernmental Agreement on the Trans-Asian Railway Network,Bangkok,15 September 2023,Transport by Rail
Convention on the International Customs Transit Procedures for the Carriage of Goods by Rail under Cover of SMGS Consignment Notes,Geneva,9 February 2006,Transport by Rail
"Convention on the Facilitation of Border Crossing Procedures for Passengers, Luggage and Load-luggage Carried in International Traffic by Rail",Geneva,22 February 2019,Transport by Rail
Convention on the Contract for International Carriage of Goods by Rail,Geneva,17 November 2023,Transport by Rail
Convention relating to the limitation of the liability of owners of inland navigation vessels (CLN),Geneva,1 March 1973,Water Transport
Protocol to the Convention relating to the Limitation of the Liability of Owners of Inland Navigation Vessels (CLN),Geneva,5 July 1978,Water Transport
Convention on the contract for the international carriage of passengers and luggage by inland waterway (CVN),Geneva,6 February 1976,Water Transport
Protocol to the Convention on the Contract for the International Carriage of Passengers and Luggage by Inland Waterway (CVN),Geneva,5 July 1978,Water Transport
"United Nations Convention on the Carriage of Goods by Sea, 1978",Hamburg,31 March 1978,Water Transport
"International Convention on Maritime Liens and Mortgages, 1993",Geneva,6 May 1993,Water Transport
European Agreement on Main Inland Waterways of International Importance (AGN),Geneva,19 January 1996,Water Transport
European Agreement concerning the International Carriage of Dangerous Goods by Inland Waterways (ADN),Geneva,26 May 2000,Water Transport
Memorandum of Understanding on Maritime Transport Cooperation between Arab Countries,Damascus,9 May 2005,Water Transport
United Nations Convention on Contracts for the International Carriage of Goods Wholly or Partly by Sea,New York,11 December 2008,Water Transport
United Nations Convention on International Multimodal Transport of Goods,Geneva,24 May 1980,Multimodal Transport
European Agreement on Important International Combined Transport Lines and Related Installations (AGTC),Geneva,1 February 1991,Multimodal Transport
Protocol on Combined Transport on Inland Waterways to the European Agreement on Important International Combined Transport Lines and Related Installations (AGTC) of 1991,Geneva,17 January 1997,Multimodal Transport
Intergovernmental Agreement on Dry Ports,Bangkok,1 May 2013,Multimodal Transport
Convention on the International Maritime Organization,Geneva,6 March 1948,Navigation
Amendments to the title and substantive provisions of the Convention on the International Maritime Organization,London,14 November 1975,Navigation
Amendments to the title and substantive provisions of the Convention on the International Maritime Organization,London,9 November 1977,Navigation
Amendments to the Convention on International Maritime Organization relating to the institutionalization of the Committee on Technical Co-operation in the Convention,London,17 November 1977,Navigation
Amendments to the Convention on the International Maritime Organization (institutionalization of the Facilitation Committee),London,7 November 1991,Navigation
Amendments to the Convention on the International Maritime Organization,London,4 November 1993,Navigation
Amendments to the Convention on the International Maritime Organization,London,8 December 2021,Navigation
Convention regarding the Measurement and Registration of Vessels Employed in Inland Navigation,Bangkok,22 June 1956,Navigation
Convention relating to the unification of certain rules concerning collisions in inland navigation,Geneva,15 March 1960,Navigation
Convention on the registration of inland navigation vessels,Geneva,25 January 1965,Navigation
Convention on the measurement of inland navigation vessels,Geneva,15 February 1966,Navigation
Convention on a Code of Conduct for Liner Conferences,Geneva,6 April 1974,Navigation
United Nations Convention on Conditions for Registration of Ships,Geneva,7 February 1986,Navigation
"International Convention on Arrest of Ships, 1999",Geneva,12 March 1999,Navigation
"Protocol amending the International Convention relating to Economic Statistics, signed at Geneva on 14 December 1928",Paris,9 December 1948,Economic Statistics
International Convention relating to Economic Statistics,Geneva,14 December 1928,Economic Statistics
Protocol to the International Convention relating to Economic Statistics,Geneva,14 December 1928,Economic Statistics
"Agreement for Facilitating the International Circulation of Visual and Auditory Materials of an Educational, Scientific and Cultural Character","Lake Success, New York",15 July 1949,Educational and Cultural Matters
"Agreement on the Importation of Educational, Scientific and Cultural Materials","Lake Success, New York",22 November 1950,Educational and Cultural Matters
"International Convention for the Protection of Performers, Producers of Phonograms and Broadcasting Organisations",Rome,26 October 1961,Educational and Cultural Matters
Convention for the Protection of Producers of Phonograms against Unauthorized Duplication of their Phonograms,Geneva,29 October 1971,Educational and Cultural Matters
"Protocol to the Agreement on the Importation of Educational, Scientific and Cultural Materials of 22 November 1950",Nairobi,26 November 1976,Educational and Cultural Matters
International Agreement for the Establishment of the University for Peace,New York,5 December 1980,Educational and Cultural Matters
Statutes of the International Centre for Genetic Engineering and Biotechnology,Madrid,13 September 1983,Educational and Cultural Matters
Protocol of the Reconvened Plenipotentiary Meeting on the Establishment of the International Centre for Genetic Engineering and Biotechnology,Vienna,4 April 1984,Educational and Cultural Matters
Amendments to Articles 6 (6) and 7 (1) of the Statutes of the International Centre for Genetic Engineering and Biotechnology,Trieste,3 December 1996,Educational and Cultural Matters
Protocol to the Statutes of the International Centre for Genetic Engineering and Biotechnology on the Seat of the Centre,Trieste,24 October 2007,Educational and Cultural Matters
Convention on the declaration of death of missing persons*,"Lake Success, New York",6 April 1950,Declaration of Death of Missing Persons
Protocol for extending the period of validity of the Convention on the Declaration of Death of Missing Persons*,New York,16 January 1957,Declaration of Death of Missing Persons
Protocol for the further extension of the period of validity of the Convention on the Declaration of Death of Missing Persons*,New York,15 January 1967,Declaration of Death of Missing Persons
Convention on the Political Rights of Women,New York,31 March 1953,Status of Women
Convention on the Nationality of Married Women,New York,20 February 1957,Status of Women
"Convention on Consent to Marriage, Minimum Age for Marriage and Registration of Marriages",New York,10 December 1962,Status of Women
Convention on the International Right of Correction,New York,31 March 1953,Freedom of Information
Protocol amending the Slavery Convention,New York,7 December 1953,Penal Matters
Slavery Convention,Geneva,25 September 1926,Penal Matters
"Supplementary Convention on the Abolition of Slavery, the Slave Trade, and Institutions and Practices Similar to Slavery",Geneva,7 September 1956,Penal Matters
International Convention Against the Taking of Hostages,New York,17 December 1979,Penal Matters
"International Convention Against the Recruitment, Use, Financing and Training of Mercenaries",New York,4 December 1989,Penal Matters
"Convention on the Prevention and Punishment of Crimes against Internationally Protected Persons, including Diplomatic Agents",New York,14 December 1973,Penal Matters
Convention on the Safety of United Nations and Associated Personnel,New York,9 December 1994,Penal Matters
Optional Protocol to the Convention on the Safety of United Nations and Associated Personnel,New York,8 December 2005,Penal Matters
International Convention for the Suppression of Terrorist Bombings,New York,15 December 1997,Penal Matters
Rome Statute of the International Criminal Court,Rome,17 July 1998,Penal Matters
International Convention for the Suppression of the Financing of Terrorism,New York,9 December 1999,Penal Matters
United Nations Convention against Transnational Organized Crime,New York,15 November 2000,Penal Matters
Agreement on the Privileges and Immunities of the International Criminal Court,New York,9 September 2002,Penal Matters
United Nations Convention against Corruption,New York,31 October 2003,Penal Matters
International Convention for the Suppression of Acts of Nuclear Terrorism,New York,13 April 2005,Penal Matters
United Nations Convention against Cybercrime: Strengthening International Cooperation for Combating Certain Crimes Committed by Means of Information and Communications Technology Systems and for the Sharing of Evidence in Electronic Form of Serious Crimes,New York,24 December 2024,Penal Matters
International Agreement on Olive Oil,Geneva and New York,17 October 1955 and 15 November 1955,Commodities
International Coffee Agreement,New York,28 September 1962,Commodities
International Coffee Agreement,New York,31 March 1968,Commodities
International Coffee Council in Resolution No. 264 of 14 April 1973,New York,14 April 1973,Commodities
"International Sugar Agreement, 1968*",New York,3 December 1968 and 24 December 1968,Commodities
Agreement establishing the Asian Coconut Community,Bangkok,12 December 1968,Commodities
Agreement establishing the International Pepper Community,Bangkok,16 April 1971,Commodities
International Cocoa Agreement,Geneva,21 October 1972,Commodities
International Sugar Agreement,Geneva,13 October 1973,Commodities
Agreement establishing the Asian Rice Trade Fund,Bangkok,16 March 1973,Commodities
Fifth International Tin Agreement,Geneva,21 June 1975,Commodities
International Cocoa Agreement,Geneva,20 October 1975,Commodities
International Coffee Agreement,London,3 December 1975,Commodities
Agreement establishing the International Tea Promotion Association,Geneva,31 March 1977,Commodities
Agreement establishing the Southeast Asia Tin Research and Development Centre,Bangkok,28 April 1977,Commodities
International Sugar Agreement,Geneva,7 October 1977,Commodities
Agreement establishing the International Tropical Timber Bureau*,Geneva,9 November 1977,Commodities
"International Natural Rubber Agreement, 1979*",Geneva,6 October 1979,Commodities
Agreement establishing the Common Fund for Commodities,Geneva,27 June 1980,Commodities
International Cocoa Agreement,Geneva,19 November 1980,Commodities
Sixth International Tin Agreement,Geneva,26 June 1981,Commodities
"International Agreement on jute and jute products, 1982*",Geneva,1 October 1982,Commodities
International Coffee Agreement,New York,16 September 1982,Commodities
"International Tropical Timber Agreement, 1983*",Geneva,18 November 1983,Commodities
International Sugar Agreement,Geneva,5 July 1984,Commodities
International Wheat Agreement,London,14 March 1986,Commodities
Wheat Trade Convention,London,14 March 1986,Commodities
Terms of Reference of the International Nickel Study Group,Geneva,2 May 1986,Commodities
International Agreement on olive oil and table olives,Geneva,1 July 1986,Commodities
International Cocoa Agreement,Geneva,25 July 1986,Commodities
International Natural Rubber Agreement,Geneva,20 March 1987,Commodities
International Sugar Agreement,London,11 September 1987,Commodities
Terms of Reference of the International Tin Study Group,New York,7 April 1989,Commodities
Terms of Reference of the International Copper Study Group,Geneva,24 February 1989,Commodities
International Agreement on Jute and Jute Products,Geneva,3 November 1989,Commodities
International Sugar Agreement,Geneva,20 March 1992,Commodities
International Cocoa Agreement,Geneva,16 July 1993,Commodities
International Tropical Timber Agreement,Geneva,26 January 1994,Commodities
International Coffee Agreement,London,30 March 1994,Commodities
"Grains Trade Convention, 1995",London,7 December 1994,Commodities
"Food Aid Convention, 1995",London,5 December 1994,Commodities
"Food Aid Convention, 1999",London,13 April 1999,Commodities
International Natural Rubber Agreement,Geneva,17 February 1995,Commodities
International Coffee Agreement 2001,London,28 September 2000,Commodities
"International Cocoa Agreement, 2001",Geneva,2 March 2001,Commodities
"Agreement establishing the Terms of Reference of the International Jute Study Group, 2001",Geneva,13 March 2001,Commodities
"International Tropical Timber Agreement, 2006",Geneva,27 January 2006,Commodities
"International Cocoa Agreement, 2010",Geneva,25 June 2010,Commodities
Food Assistance Convention,London,25 April 2012,Commodities
"International Agreement on Olive Oil and Table Olives, 2015",Geneva,9 October 2015,Commodities
Convention on the Recovery Abroad of Maintenance,New York,20 June 1956,Maintenance Obligations
Convention on the Territorial Sea and the Contiguous Zone,Geneva,29 April 1958,Law of the Sea
Convention on the High Seas,Geneva,29 April 1958,Law of the Sea
Convention on Fishing and Conservation of the Living Resources of the High Seas,Geneva,29 April 1958,Law of the Sea
Convention on the Continental Shelf,Geneva,29 April 1958,Law of the Sea
Optional Protocol of Signature concerning the Compulsory Settlement of Disputes,Geneva,29 April 1958,Law of the Sea
United Nations Convention on the Law of the Sea,Montego Bay,10 December 1982,Law of the Sea
Agreement relating to the implementation of Part XI of the United Nations Convention on the Law of the Sea of 10 December 1982,New York,28 July 1994,Law of the Sea
Agreement for the Implementation of the Provisions of the United Nations Convention on the Law of the Sea of 10 December 1982 relating to the Conservation and Management of Straddling Fish Stocks and Highly Migratory Fish Stocks,New York,4 August 1995,Law of the Sea
Agreement on the Privileges and Immunities of the International Tribunal for the Law of the Sea,New York,23 May 1997,Law of the Sea
Protocol on the Privileges and Immunities of the International Seabed Authority,Kingston,27 March 1998,Law of the Sea
Agreement under the United Nations Convention on the Law of the Sea on the Conservation and Sustainable Use of Marine Biological Diversity of Areas beyond National Jurisdiction,New York,19 June 2023,Law of the Sea
Convention on the Recognition and Enforcement of Foreign Arbitral Awards,New York,10 June 1958,Commercial Arbitration and Mediation
European Convention on International Commercial Arbitration,Geneva,21 April 1961,Commercial Arbitration and Mediation
United Nations Convention on Transparency in Treaty-based Investor-State Arbitration,New York,10 December 2014,Commercial Arbitration and Mediation
United Nations Convention on International Settlement Agreements Resulting from Mediation,New York,20 December 2018,Commercial Arbitration and Mediation
Vienna Convention on the Law of Treaties,Vienna,23 May 1969,Law of Treaties
Vienna Convention on succession of States in respect of treaties,Vienna,23 August 1978,Law of Treaties
Vienna Convention on the Law of Treaties between States and International Organizations or between International Organizations,Vienna,21 March 1986,Law of Treaties
Convention on registration of objects launched into outer space,New York,12 November 1974,Outer Space
Agreement governing the Activities of States on the Moon and Other Celestial Bodies,New York,5 December 1979,Outer Space
"Treaty on Principles Governing the Activities of States in the Exploration and Use of Outer Space, including the Moon and Other Celestial Bodies",New York,19 December 1966,Outer Space
Convention relating to the distribution of programme-carrying signals transmitted by satellite,Brussels,21 May 1974,Telecommunications
Constitution of the Asia-Pacific Telecommunity,Bangkok,27 March 1976,Telecommunications
Amendments to the Constitution of the Asia-Pacific Telecommunity,New Delhi,23 October 2002,Telecommunications
Agreement establishing the Asia-Pacific Institute for Broadcasting Development,Kuala Lumpur,12 August 1977,Telecommunications
Amendments to the Agreement establishing the Asia-Pacific Institute for Broadcasting Development,Islamabad,21 July 1999,Telecommunications
Tampere Convention on the Provision of Telecommunication Resources for Disaster Mitigation and Relief Operations,Tampere,18 June 1998,Telecommunications
Convention on the prohibition of military or any other hostile use of environmental modification techniques,New York,10 December 1976,Disarmament
"Convention on Prohibitions or Restrictions on the Use of Certain Conventional Weapons which may be deemed to be Excessively Injurious or to have Indiscriminate Effects (with Protocols I, II and III)",Geneva,10 October 1980,Disarmament
"Additional Protocol to the Convention on Prohibitions or Restrictions on the Use of Certain Conventional Weapons which may be deemed to be Excessively Injurious or to have Indiscriminate Effects (Protocol IV, entitled Protocol on Blinding Laser Weapons)",Vienna,13 October 1995,Disarmament
"Protocol on Prohibitions or Restrictions on the Use of Mines, Booby-Traps and Other Devices as amended on 3 May 1996 (Protocol II, as amended on 3 May 1996) annexed to the Convention on Prohibitions or Restrictions on the Use of Certain Conventional Weapons which may be deemed to be Excessively Injurious or to have Indiscriminate Effects",Geneva,3 May 1996,Disarmament
Amendment to Article I of the Convention on Prohibitions or Restrictions on the Use of Certain Conventional Weapons which may be deemed to be Excessively Injurious or to have Indiscriminate Effects,Geneva,21 December 2001,Disarmament
Protocol on Explosive Remnants of War to the Convention on Prohibitions or Restrictions on the Use of Certain Conventional Weapons which may be deemed to be Excessively Injurious or to have Indiscriminate Effects (Protocol V),Geneva,28 November 2003,Disarmament
"Convention on the Prohibition of the Development, Production, Stockpiling and Use of Chemical Weapons and on their Destruction",Geneva,3 September 1992,Disarmament
Comprehensive Nuclear-Test-Ban Treaty,New York,10 September 1996,Disarmament
"Convention on the Prohibition of the Use, Stockpiling, Production and Transfer of Anti-Personnel Mines and on their Destruction",Oslo,18 September 1997,Disarmament
Convention on Cluster Munitions,Dublin,30 May 2008,Disarmament
"Central African Convention for the Control of Small Arms and Light Weapons, their Ammunition and all Parts and Components that can be used for their Manufacture, Repair and Assembly",Kinshasa,30 April 2010,Disarmament
Arms Trade Treaty,New York,2 April 2013,Disarmament
Treaty on the Prohibition of Nuclear Weapons,New York,7 July 2017,Disarmament
Convention on Long-range Transboundary Air Pollution,Geneva,13 November 1979,Environment
Protocol to the 1979 Convention on Long-range Transboundary Air Pollution on Long-term Financing of the Co-operative Programme for Monitoring and Evaluation of the Long-range Transmission of Air Pollutants in Europe (EMEP),Geneva,28 September 1984,Environment
Protocol to the 1979 Convention on Long-Range Transboundary Air Pollution on the Reduction of Sulphur Emissions or their Transboundary Fluxes by at least 30 per cent,Helsinki,8 July 1985,Environment
Protocol to the 1979 Convention on long-range transboundary air pollution concerning the control of emissions of nitrogen oxides or their transboundary fluxes,Sofia,31 October 1988,Environment
Protocol to the 1979 Convention on Long-Range Transboundary Air Pollution concerning the Control of Emissions of Volatile Organic Compounds or their Transboundary Fluxes,Geneva,18 November 1991,Environment
Protocol to the 1979 Convention on Long-Range Transboundary Air Pollution on Further Reduction of Sulphur Emissions,Oslo,14 June 1994,Environment
Protocol to the 1979 Convention on Long-Range Transboundary Air Pollution on Heavy Metals,Aarhus,24 June 1998,Environment
Protocol to the 1979 Convention on Long-Range Transboundary Air Pollution on Persistent Organic Pollutants,Aarhus,24 June 1998,Environment
"Protocol to the 1979 Convention on Long-range Transboundary Air Pollution to Abate Acidification, Eutrophication and Ground-level Ozone",Gothenburg,30 November 1999,Environment
"Amendments to the Text and to Annexes I, II, III, IV, VI and VIII to the 1998 Protocol on Persistent Organic Pollutants",Geneva,18 December 2009,Environment
Amendments to Annexes I and II to the 1998 Protocol on Persistent Organic Pollutants,Geneva,18 December 2009,Environment
"Amendment of the text and annexes II to IX to the Protocol to the 1979 Convention on Long-range Transboundary Air Pollution to Abate Acidification, Eutrophication and Ground-level Ozone and the addition of new annexes X and XI",Geneva,4 May 2012,Environment
Amendments to the Text of and Annexes other than III and VII to the 1998 Protocol on Heavy Metals,Geneva,13 December 2012,Environment
Vienna Convention for the Protection of the Ozone Layer,Vienna,22 March 1985,Environment
Montreal Protocol on Substances that Deplete the Ozone Layer,Montreal,16 September 1987,Environment
Amendment to the Montreal Protocol on Substances that Deplete the Ozone Layer,London,29 June 1990,Environment
Amendment to the Montreal Protocol on Substances that Deplete the Ozone Layer,Copenhagen,25 November 1992,Environment
Amendment to the Montreal Protocol on Substances that Deplete the Ozone Layer,Montreal,17 September 1997,Environment
Amendment to the Montreal Protocol on Substances that Deplete the Ozone Layer,Beijing,3 December 1999,Environment
Amendment to the Montreal Protocol on Substances that Deplete the Ozone Layer,Kigali,15 October 2016,Environment
Basel Convention on the Control of Transboundary Movements of Hazardous Wastes and their Disposal,Basel,22 March 1989,Environment
Amendment to the Basel Convention on the Control of Transboundary Movements of Hazardous Wastes and their Disposal,Geneva,22 September 1995,Environment
Basel Protocol on Liability and Compensation for Damage Resulting from Transboundary Movements of Hazardous Wastes and their Disposal,Basel,10 December 1999,Environment
Convention on Environmental Impact Assessment in a Transboundary Context,Espoo,25 February 1991,Environment
Amendment to the Convention on Environmental Impact Assessment in a Transboundary Context,Sofia,27 February 2001,Environment
Protocol on Strategic Environmental Assessment to the Convention on Environmental Impact Assessment in a Transboundary Context,Kiev,21 May 2003,Environment
Amendment to the Convention on Environmental Impact Assessment in a Transboundary Context,Cavtat,4 June 2004,Environment
Convention on the Protection and Use of Transboundary Watercourses and International Lakes,Helsinki,17 March 1992,Environment
Protocol on Water and Health to the 1992 Convention on the Protection and Use of Transboundary Watercourses and International Lakes,London,17 June 1999,Environment
Amendments to Articles 25 and 26 of the Convention on the Protection and Use of Transboundary Watercourses and International Lakes,Madrid,28 November 2003,Environment
Convention on the Transboundary Effects of Industrial Accidents,Helsinki,17 March 1992,Environment
United Nations Framework Convention on Climate Change,New York,9 May 1992,Environment
Kyoto Protocol to the United Nations Framework Convention on Climate Change,Kyoto,11 December 1997,Environment
Amendment to Annex B of the Kyoto Protocol to the United Nations Framework Convention on Climate Change,Nairobi,17 November 2006,Environment
Doha amendment to the Kyoto Protocol,Doha,8 December 2012,Environment
Paris Agreement,Paris,12 December 2015,Environment
Convention on Biological Diversity,Rio de Janeiro,5 June 1992,Environment
"Rio Conventions (United Nations Framework Convention on Climate Change, Convention on Biological Diversity, United Nations Convention to Combat Desertification)",Rio de Janeiro,June 1992,Environment
Cartagena Protocol on Biosafety to the Convention on Biological Diversity,Montreal,29 January 2000,Environment
Nagoya Protocol on Access to Genetic Resources and the Fair and Equitable Sharing of Benefits Arising from their Utilization to the Convention on Biological Diversity,Nagoya,29 October 2010,Environment
Nagoya - Kuala Lumpur Supplementary Protocol on Liability and Redress to the Cartagena Protocol on Biosafety,Nagoya,15 October 2010,Environment
"Agreement on the Conservation of Small Cetaceans of the Baltic, North East Atlantic, Irish and North Seas",New York,17 March 1992,Environment
"Amendment to the Agreement on the Conservation of Small Cetaceans of the Baltic, North East Atlantic, Irish and North Seas",Esbjerg,22 August 2003,Environment
"United Nations Convention to Combat Desertification in those Countries Experiencing Serious Drought and/or Desertification, Particularly in Africa",Paris,14 October 1994,Environment
Lusaka Agreement on Co-operative Enforcement Operations Directed at Illegal Trade in Wild Fauna and Flora,Lusaka,8 September 1994,Environment
Convention on the Law of the Non-Navigational Uses of International Watercourses,New York,21 May 1997,Environment
"Convention on Access to Information, Public Participation in Decision-Making and Access to Justice in Environmental Matters",Aarhus,25 June 1998,Environment
"Protocol on Pollutant Release and Transfer Registers to the Convention on Access to Information, Public Participation in Decision-Making and Access to Justice in Environmental Matters",Kiev,21 May 2003,Environment
"Amendment to the Convention on Access to Information, Public Participation in Decision-Making and Access to Justice in Environmental Matters",Almaty,27 May 2005,Environment
Rotterdam Convention on the Prior Informed Consent Procedure for Certain Hazardous Chemicals and Pesticides in International Trade,Rotterdam,10 September 1998,Environment
Stockholm Convention on Persistent Organic Pollutants,Stockholm,22 May 2001,Environment
Protocol on Civil Liability and Compensation for Damage Caused by the Transboundary Effects of Industrial Accidents on Transboundary Waters to the 1992 Convention on the Protection and Use of Transboundary Watercourses and International Lakes and to the 1992 Convention on the Transboundary Effects of Industrial Accidents,Kiev,21 May 2003,Environment
Minamata Convention on Mercury,Kumamoto,10 October 2013,Environment
"Regional Agreement on Access to Information, Public Participation and Justice in Environmental Matters in Latin America and the Caribbean",Escazú,4 March 2018,Environment
Multilateral Convention for the Avoidance of Double Taxation of Copyright Royalties,Madrid,13 December 1979,Fiscal matters
Additional Protocol to the Multilateral Convention for the Avoidance of Double Taxation of Copyright Royalties,Madrid,13 December 1979,Fiscal matters
Agreement on Succession Issues,Vienna,29 June 2001,Miscellaneous
International Convention concerning the Use of Broadcasting in the Cause of Peace,Geneva,23 September 1936,Miscellaneous
Special Protocol concerning Statelessness,The Hague,12 April 1930,Miscellaneous
Protocol relating to a Certain Case of Statelessness,The Hague,12 April 1930,Miscellaneous
Convention on Certain Questions relating to the Conflict of Nationality Laws,The Hague,12 April 1930,Miscellaneous
Protocol relating to Military Obligations in Certain Cases of Double Nationality,The Hague,12 April 1930,Miscellaneous
Protocol on Arbitration Clauses,Geneva,24 September 1923,Miscellaneous
Convention on the Execution of Foreign Arbitral Awards,Geneva,26 September 1927,Miscellaneous
Convention for the Settlement of Certain Conflicts of Laws in connection with Bills of Exchange and Promissory Notes,Geneva,7 June 1930,Miscellaneous
Convention for the Settlement of Certain Conflicts of Laws in connection with Cheques,Geneva,19 March 1931,Miscellaneous
Convention providing a Uniform Law for Bills of Exchange and Promissory Notes,Geneva,7 June 1930,Miscellaneous
Convention providing a Uniform Law for Cheques,Geneva,19 March 1931,Miscellaneous
Convention on the Stamp Laws in connection with Bills of Exchange and Promissory Notes,Geneva,7 June 1930,Miscellaneous
Convention on the Stamp Laws in connection with Cheques,Geneva,19 March 1931,Miscellaneous
International Convention for the Suppression of Counterfeiting Currency,Geneva,20 April 1929,Miscellaneous
Protocol to the International Convention for the Suppression of Counterfeiting Currency,Geneva,20 April 1929,Miscellaneous
Optional Protocol regarding the Suppression of Counterfeiting Currency,Geneva,20 April 1929,Miscellaneous
Convention and Statute on Freedom of Transit,Barcelona,20 April 1921,Miscellaneous
Convention and Statute on the Regime of Navigable Waterways of International Concern,Barcelona,20 April 1921,Miscellaneous
Additional Protocol to the Convention on the Regime of Navigable Waterways of International Concern,Barcelona,20 April 1921,Miscellaneous
Declaration recognising the Right to a Flag of States having no Sea-coast,Barcelona,20 April 1921,Miscellaneous
Convention and Statute on the International Régime of Maritime Ports,Geneva,9 December 1923,Miscellaneous
Convention on the Taxation of Foreign Motor Vehicles,Geneva,30 March 1931,Miscellaneous
International Convention relating to the Simplification of Customs Formalities,Geneva,3 November 1923,Miscellaneous
International Convention for the Campaign against Contagious Diseases of Animals,Geneva,20 February 1935,Miscellaneous
"International Convention concerning the Transit of Animals, Meat and Other Products of Animal Origin",Geneva,20 February 1935,Miscellaneous
"International Convention concerning the Export and Import of Animal Products (other than Meat, Meat Preparations, Fresh Animal Products, Milk and Milk Products)",Geneva,20 February 1935,Miscellaneous
Convention establishing an International Relief Union,Geneva,12 July 1927,Miscellaneous
Convention on the International Régime of Railways,Geneva,9 December 1923,Miscellaneous
Convention regarding the Measurement of Vessels employed in Inland Navigation,Paris,27 November 1925,Miscellaneous
General Act of Arbitration (Pacific Settlement of International Disputes),Geneva,26 September 1928,Miscellaneous
Convention concerning the Unification of Road Signals,Geneva,30 March 1931,Miscellaneous
Agreement concerning Maritime Signals,Lisbon,23 October 1930,Miscellaneous
Convention relating to the Non-Fortification and Neutralisation of the Aaland Islands,Geneva,20 October 1921,Miscellaneous
Agreement concerning Manned Lightships not on their Stations,Lisbon,23 October 1930,Miscellaneous
International Opium Convention,New York,11 December 1946,Narcotic Drugs and Psychotropic Substances