year,name,url,note,summary,cleaned_note,cleaned_title
1900,Treaty of Paris,https://en.wikipedia.org/wiki/Treaty_of_Paris_(1900),,Ends all conflicting claims over Río Muni ( Equatorial Guinea ),,Treaty of Paris
1900,Treaty of Washington,https://en.wikipedia.org/wiki/Treaty_of_Washington_(1900),,Seeks to remove any ground of misunderstanding growing out of the interpretation of Article III of the Treaty of Paris (1898) by clarifying specifics of territories relinquished to the United States by Spain,,Treaty of Washington
1900,"Convention for the Preservation of Wild Animals, Birds and Fish in Africa","https://en.wikipedia.org/wiki/Convention_for_the_Preservation_of_Wild_Animals,_Birds_and_Fish_in_Africa",,First international agreement on wildlife conservation,,"Convention for the Preservation of Wild Animals, Birds and Fish in Africa"
1901,Hay–Pauncefote Treaty,https://en.wikipedia.org/wiki/Hay%E2%80%93Pauncefote_Treaty,,Replaces the Clayton–Bulwer Treaty,,Hay–Pauncefote Treaty
1901,Boxer Protocol,https://en.wikipedia.org/wiki/Boxer_Protocol,Also known as the Peace Agreement between the Great Powers and China,Peace agreement between the Eight-Nation Alliance and China,Peace Agreement between the Great Powers and China,Boxer Protocol
1902,Anglo-Japanese Alliance,https://en.wikipedia.org/wiki/Anglo-Japanese_Alliance,,Treaty of alliance between England and Japan; signed by Lord Lansdowne and Hayashi Tadasu,,Anglo-Japanese Alliance
1902,Treaty of Vereeniging,https://en.wikipedia.org/wiki/Treaty_of_Vereeniging,,Ends the Second Boer War,,Treaty of Vereeniging
1903,Cuban–American Treaty of Relations (1903),https://en.wikipedia.org/wiki/Cuban%E2%80%93American_Treaty_of_Relations_(1903),,The Republic of Cuba grants the United States the right to lease land in the Guantánamo Bay area,,Cuban–American Treaty of Relations
1903,Hay–Herrán Treaty,https://en.wikipedia.org/wiki/Hay%E2%80%93Herr%C3%A1n_Treaty,,The United States attempts to acquire a lease on Panama,,Hay–Herrán Treaty
1903,Hay–Herbert Treaty,https://en.wikipedia.org/wiki/Hay%E2%80%93Herbert_Treaty,,Between the United Kingdom and the United States on the location of the border between Alaska and Canada,,Hay–Herbert Treaty
1903,Hay–Bunau-Varilla Treaty,https://en.wikipedia.org/wiki/Hay%E2%80%93Bunau-Varilla_Treaty,Also known as the Treaty No Panamanian Signed,Establishes the Panama Canal Zone,Treaty No Panamanian Signed,Hay–Bunau-Varilla Treaty
1903,Treaty of Petrópolis,https://en.wikipedia.org/wiki/Treaty_of_Petr%C3%B3polis,,Ends tensions between Bolivia and Brazil over the territory of Acre,,Treaty of Petrópolis
1903,Southern African Customs Union Agreement,https://en.wikipedia.org/wiki/1903_Southern_African_Customs_Union_Agreement,,Creates customs union between British colonies and protectorates in Southern Africa,,Southern African Customs Union Agreement
1903,International Sanitary Convention,https://en.wikipedia.org/wiki/International_Sanitary_Conferences,,Organized by the French to standardize international quarantine regulations. :359,,International Sanitary Convention
1904,Treaty of Peace and Friendship (1904),https://en.wikipedia.org/wiki/Treaty_of_Peace_and_Friendship_(1904),,Fixes borders between Chile and Bolivia,,Treaty of Peace and Friendship
1904,Treaty of Lhasa,https://en.wikipedia.org/wiki/Treaty_of_Lhasa,,Between Great Britain and Tibet,,Treaty of Lhasa
1905,Treaty of Portsmouth,https://en.wikipedia.org/wiki/Treaty_of_Portsmouth,,Ends the Russo-Japanese War,,Treaty of Portsmouth
1905,Treaty of Björkö,https://en.wikipedia.org/wiki/Treaty_of_Bj%C3%B6rk%C3%B6,,A secret mutual defense accord between the German Empire and Russia,,Treaty of Björkö
1905,October Manifesto,https://en.wikipedia.org/wiki/October_Manifesto,,Response to Russian Revolution of 1905 . Created the Duma but Tsar Nicholas II of Russia disregarded it after the country was stable again and continued his absolute rule,,October Manifesto
1905,Taft–Katsura Agreement,https://en.wikipedia.org/wiki/Taft%E2%80%93Katsura_Agreement,Also known as the Taft-Katsura Memorandum,Japan and the United States agree on spheres of influence in Asia,Taft-Katsura Memorandum,Taft–Katsura Agreement
1905,Convention of Karlstad,https://en.wikipedia.org/wiki/Convention_of_Karlstad,,This treaty dissolves of the union between Norway and Sweden established by the Convention of Moss and Treaty of Kiel in 1814,,Convention of Karlstad
1905,Japan–Korea Treaty of 1905,https://en.wikipedia.org/wiki/Japan%E2%80%93Korea_Treaty_of_1905,,"This treaty deprived Korean Empire of its diplomatic sovereignty, in effect making Korea a protectorate of Empire of Japan ; void in 1965",,Japan–Korea Treaty
1905,Treaty 9 (James Bay Treaty),https://en.wikipedia.org/wiki/Treaty_9,,"Conducted at Osnaburgh House trade post, on Lake St. Joseph (Albany River), Ontario, Canada, negotiating an agreement between the Canadian monarch , King Edward VII , and First Nations . There were later adhesions to the treaty",,Treaty 9 (James Bay Treaty)
1906,Second Geneva Convention,https://en.wikipedia.org/wiki/Second_Geneva_Convention,,"Specifies the treatment of wounded, sick and shipwrecked members of armed forces at sea. This article appears to contradict the article Second Geneva Convention . Please discuss at the talk page and do not remove this message until the contradictions are resolved. ( September 2020 )",Geneva Convention,Second Geneva Convention
1906,Treaty 10,https://en.wikipedia.org/wiki/Treaty_10,,"Conducted at Île-à-la-Crosse and Lac du Brochet, Saskatchewan, Canada, negotiating an agreement between the Canadian monarch , King Edward VII , and First Nations . There were later adhesions to the treaty in 1907",,Treaty No. 10
1906,Treaty of Limits (Brazil–Netherlands),https://en.wikipedia.org/wiki/Treaty_of_Limits_(Brazil%E2%80%93Netherlands),,Defined international boundary between Brazil and Dutch colony of Surinam,,Treaty of Limits (Brazil–Netherlands)
1907,Rome Agreement,,,"Arrangement for the creation at Paris of an Office international d'hygiène publique , signed at Rome on 9 December 1907",,Rome Agreement
1909,Anglo-Siamese Treaty of 1909,https://en.wikipedia.org/wiki/Anglo-Siamese_Treaty_of_1909,Also known as the Bangkok Treaty of 1909,Formally divides northern Malay states between Siam and the British Empire,Bangkok Treaty,Anglo-Siamese Treaty of 1909
1910,Japan–Korea Treaty of 1910,https://en.wikipedia.org/wiki/Japan%E2%80%93Korea_Treaty_of_1910,,Begins the period of Korea under Japanese rule ; declared null and void in 1965,,Japan–Korea Treaty
1910,Brussels Collision Convention,https://en.wikipedia.org/wiki/Brussels_Collision_Convention,,Governs apportionment of legal liability in maritime collision cases,,Brussels Collision Convention
1911,North Pacific Fur Seal Convention of 1911,https://en.wikipedia.org/wiki/North_Pacific_Fur_Seal_Convention_of_1911,,First international treaty seeking the management and conservation of wildlife,,North Pacific Fur Seal Convention
1911,Treaty of Daan,https://en.wikipedia.org/wiki/Treaty_of_Daan,,Ends the Zaidi insurgency in Yemen in exchange for autonomy within the Ottoman Empire,,Treaty of Daan
1912,First International Opium Convention,https://en.wikipedia.org/wiki/First_International_Opium_Convention,,The first international drug control treaty,,First International Opium Convention
1912,Huangpu River Conservancy,https://en.wikipedia.org/wiki/Huangpu_River,,"Amends the agreement of September 27, 1905, between China and the United States governing the use and conservation of the Huangpu River. :879",,Huangpu River Conservancy
1913,Treaty of London (1913),https://en.wikipedia.org/wiki/Treaty_of_London_(1913),,Ends the First Balkan War,,Treaty of London
1913,Treaty of Bucharest (1913),https://en.wikipedia.org/wiki/Treaty_of_Bucharest_(1913),,Ends the Second Balkan War,,Treaty of Bucharest
1913,Treaty of friendship and alliance between the Government of Mongolia and Tibet,https://en.wikipedia.org/wiki/Treaty_of_friendship_and_alliance_between_the_Government_of_Mongolia_and_Tibet,,Alliance between Mongolia and Tibet,,Treaty of friendship and alliance between the Government of Mongolia and Tibet
1913,Treaty of Athens,https://en.wikipedia.org/wiki/Treaty_of_Athens,,Peace treaty between Ottoman Empire and Greece. Ottoman Empire acknowledges union of Crete with Greece,,Treaty of Athens
1913,Treaty of Constantinople (1913),https://en.wikipedia.org/wiki/Treaty_of_Constantinople_(1913),,Peace treaty between Ottoman Empire and Bulgaria. Bulgaria acknowledges Ottoman control on Eastern Thrace,,Treaty of Constantinople
1914,Bryan–Chamorro Treaty,https://en.wikipedia.org/wiki/Bryan%E2%80%93Chamorro_Treaty,,"The United States acquires the rights to any canal built in Nicaragua, to build a naval base in the Gulf of Fonseca , and to lease the Great and Little Corn Islands in the Caribbean; ratified in 1916",,Bryan–Chamorro Treaty
1915,Treaty of London (1915) (London Pact),https://en.wikipedia.org/wiki/Treaty_of_London_(1915),,Italy enters World War I,London Pact,Treaty of London
1915,Treaty of Kyakhta (1915),https://en.wikipedia.org/wiki/Treaty_of_Kyakhta_(1915),,Status of Mongolia,,Treaty of Kyakhta
1915,Cleveland Agreement,https://en.wikipedia.org/wiki/Cleveland_Agreement,,Statement of intention to form a Republic of Czechoslovakia,,Cleveland Agreement
1916,Sykes–Picot Agreement,https://en.wikipedia.org/wiki/Sykes%E2%80%93Picot_Agreement,,France and the United Kingdom define spheres of influence in the Middle East,,Sykes–Picot Agreement
1916,Treaty of Bucharest (1916),https://en.wikipedia.org/wiki/Treaty_of_Bucharest_(1916),,Alliance between Romania and the Entente,,Treaty of Bucharest
1917,Agreement of Saint-Jean-de-Maurienne,https://en.wikipedia.org/wiki/Agreement_of_Saint-Jean-de-Maurienne,,"August 18 – September 26, 1917",,Agreement of Saint-Jean-de-Maurienne
1917,Lansing–Ishii Agreement,https://en.wikipedia.org/wiki/Lansing%E2%80%93Ishii_Agreement,,Trade treaty between the United States and Japan,,Lansing–Ishii Agreement
1917,Corfu Declaration,https://en.wikipedia.org/wiki/Corfu_Declaration,,Statement of intention to form a Kingdom of Yugoslavia,,Corfu Declaration
1917,Anglo-French Convention of 1917,https://en.wikipedia.org/wiki/Anglo-French_Convention_of_1917,,A treaty between the United Kingdom and France laying the ground for the Allied intervention in the Russian Civil War against the Bolsheviks and German interests,,Anglo-French Convention
1918,Treaty of Brest-Litovsk (Ukraine–Central Powers),https://en.wikipedia.org/wiki/Treaty_of_Brest-Litovsk_(Ukraine%E2%80%93Central_Powers),,Between the Ukrainian People's Republic and the Central Powers,,Treaty of Brest-Litovsk (Ukraine–Central Powers)
1918,Treaty of Brest-Litovsk,https://en.wikipedia.org/wiki/Treaty_of_Brest-Litovsk_(Russia%E2%80%93Central_Powers),,Between Russia and the Central Powers; Russia pulls out of World War I,,Treaty of Brest-Litovsk
1918,Treaty of Bucharest (1918),https://en.wikipedia.org/wiki/Treaty_of_Bucharest_(1918),,Between Romania and the Central Powers; never ratified,,Treaty of Bucharest
1918,Pittsburgh Agreement,https://en.wikipedia.org/wiki/Pittsburgh_Agreement,,Formalization of the creation of Czechoslovakia,,Pittsburgh Agreement
1918,Treaty of Batum,https://en.wikipedia.org/wiki/Treaty_of_Batum,,Between the First Republic of Armenia and the Ottoman Empire,,Treaty of Batum
1918,Armistice of Mudros,https://en.wikipedia.org/wiki/Armistice_of_Mudros,,Ends the Middle-Eastern part of World War I and forces the Ottomans to renounce most of their imperial holdings,,Armistice of Mudros
1918,Armistice of Villa Giusti,https://en.wikipedia.org/wiki/Armistice_of_Villa_Giusti,,"Between the Kingdom of Italy and Austria-Hungary , ending warfare on Italian Front during World War I",,Armistice of Villa Giusti
1918,Armistice with Germany,https://en.wikipedia.org/wiki/Armistice_with_Germany,,"Between France, Britain, and Germany, ending World War I",,Armistice with Germany
1918,Rongbatsa Agreement,https://en.wikipedia.org/wiki/Rongbatsa_Agreement,,"Agreement upon borders between India, Nepal, Tibet and China",,Rongbatsa Agreement
1919,Treaty of Saint-Germain-en-Laye (1919),https://en.wikipedia.org/wiki/Treaty_of_Saint-Germain-en-Laye_(1919),,Dissolution of the Austro-Hungarian Empire,,Treaty of Saint-Germain-en-Laye
1919,Treaty of Versailles,https://en.wikipedia.org/wiki/Treaty_of_Versailles,,Formally ends World War I,,Treaty of Versailles
1919,Treaty of Neuilly-sur-Seine,https://en.wikipedia.org/wiki/Treaty_of_Neuilly-sur-Seine,,Between Allied Powers and Bulgaria,,Treaty of Neuilly-sur-Seine
1919,Faisal–Weizmann Agreement,https://en.wikipedia.org/wiki/Faisal%E2%80%93Weizmann_Agreement,,Agreement for Arab–Jewish cooperation in the Middle East,,Faisal–Weizmann Agreement
1919,Anglo-Afghan Treaty of 1919 (Treaty of Rawalpindi),https://en.wikipedia.org/wiki/Anglo-Afghan_Treaty_of_1919,,Between the United Kingdom and Afghanistan during the Third Anglo-Afghan War ; United Kingdom recognizes Afghanistan's independence; amended in 1921,,Anglo-Afghan Treaty of Rawalpindi
1920,Seventh Treaty of Paris,https://en.wikipedia.org/wiki/Treaty_of_Paris_(1920),,Union of Bessarabia and Romania,,Seventh Treaty of Paris
1920,Treaty of Warsaw (1920),https://en.wikipedia.org/wiki/Treaty_of_Warsaw_(1920),,Between the Second Polish Republic and the Ukrainian People's Republic,,Treaty of Warsaw
1920,Treaty of Brno (1920),https://en.wikipedia.org/wiki/Treaty_of_Brno_(1920),,Naturalizes all populaces within the respective language groups of Austria and Czechoslovakia,,Treaty of Brno
1920,Treaty of Rapallo (1920),https://en.wikipedia.org/wiki/Treaty_of_Rapallo_(1920),,"Between Italy and the Kingdom of Serbs, Croats and Slovenes (subsequently the Kingdom of Yugoslavia )",,Treaty of Rapallo
1920,Treaty of Moscow (1920),https://en.wikipedia.org/wiki/Treaty_of_Moscow_(1920),,Mutual recognition of the Russian SFSR and the Democratic Republic of Georgia,,Treaty of Moscow
1920,Treaty of Tartu (Russian–Finnish),https://en.wikipedia.org/wiki/Treaty_of_Tartu_(Russian%E2%80%93Finnish),,Establishes border between Russia and Finland,,Treaty of Tartu (Russian–Finnish)
1920,Treaty of Tartu (Russian–Estonian),https://en.wikipedia.org/wiki/Treaty_of_Tartu_(Russian%E2%80%93Estonian),,Establishes border between Russia and Estonia,,Treaty of Tartu (Russian–Estonian)
1920,Treaty of Trianon,https://en.wikipedia.org/wiki/Treaty_of_Trianon,,Regulates the newly independent Hungary,,Treaty of Trianon
1920,Treaty of Sèvres,https://en.wikipedia.org/wiki/Treaty_of_S%C3%A8vres,,Peace between the Allies of World War I and the Ottoman Empire,,Treaty of Sèvres
1920,Latvian–Soviet Peace Treaty,https://en.wikipedia.org/wiki/Latvian%E2%80%93Soviet_Peace_Treaty,,Brings peace between the Republic of Latvia and Russian SFSR,,Latvian–Soviet Peace Treaty
1920,Treaty of Alexandropol,https://en.wikipedia.org/wiki/Treaty_of_Alexandropol,,Ends the war between Turkish nationalists and the Armenian Republic,,Treaty of Alexandropol
1920,Svalbard Treaty,https://en.wikipedia.org/wiki/Svalbard_Treaty,Also known as the Treaty concerning Spitsbergen,The Arctic archipelago of Svalbard becomes part of the Kingdom of Norway,Treaty concerning Spitsbergen,Svalbard Treaty
1921,Franco-Polish alliance (1921),https://en.wikipedia.org/wiki/Franco-Polish_alliance_(1921),,Military alliance between Poland and France that was active between 1921 and 1940,,Franco-Polish alliance
1921,Anglo-Irish Treaty,https://en.wikipedia.org/wiki/Anglo-Irish_Treaty,Also known as the Articles of Agreement for a Treaty Between Great Britain and Ireland,Ends the Irish War of Independence and created the Irish Free State,Articles of Agreement for a Treaty Between Great Britain and Ireland,Anglo-Irish Treaty
1921,Peace of Riga,https://en.wikipedia.org/wiki/Peace_of_Riga,Also known as the Treaty of Riga,Ends the Polish–Soviet War,Treaty of Riga,Peace of Riga
1921,Thomson–Urrutia Treaty,https://en.wikipedia.org/wiki/Thomson%E2%80%93Urrutia_Treaty,,Colombia recognizes Panama's independence in return for 25 million dollars,,Thomson–Urrutia Treaty
1921,Treaty of Berlin (1921),https://en.wikipedia.org/wiki/Treaty_of_Berlin_(1921),,Separate post-World War I peace agreement between the United States and Germany,,Treaty of Berlin
1921,Treaty of Kars,https://en.wikipedia.org/wiki/Treaty_of_Kars,,Friendship treaty between Turkey and the Soviet governments of the Transcaucasian Republics,,Treaty of Kars
1921,Treaty of Ankara (1921),https://en.wikipedia.org/wiki/Treaty_of_Ankara_(1921),"Also known as the Accord of Ankara , the Franklin-Bouillon Agreement and the Franco-Turkish Agreement of Ankara",France agrees to evacuate Cilicia in return for economic concessions from Turkey; Turkey acknowledges French imperial sovereignty over Syria,Franklin-Bouillon Agreement; Franco-Turkish Agreement of Ankara,Treaty of Ankara
1921,Russo-Persian Treaty of Friendship (1921),https://en.wikipedia.org/wiki/Russo-Persian_Treaty_of_Friendship_(1921),,Grants both Iran and the Soviet Union full and equal shipping rights in the Caspian Sea,,Russo-Persian Treaty of Friendship
1921,Treaty of Moscow (1921),https://en.wikipedia.org/wiki/Treaty_of_Moscow_(1921),,A friendship treaty between the Grand National Assembly of Turkey (TBMM) and the Bolshevik government of the Russian Soviet Federative Socialist Republic,,Treaty of Moscow
1921,Anglo–Afghan Treaty of 1921,https://en.wikipedia.org/wiki/Anglo%E2%80%93Afghan_Treaty_of_1921,,Amendments to and expansion of the Anglo-Afghan Treaty of 1919 between the United Kingdom and Afghanistan,,Anglo–Afghan Treaty
1921,Treaty 11,https://en.wikipedia.org/wiki/Treaty_11,,"Conducted at Northwest Territories , Canada, negotiating an agreement between the Canadian monarch , King George V , and First Nations . There were further signings in 1921",,Treaty 11
1922,Washington Naval Treaty,https://en.wikipedia.org/wiki/Washington_Naval_Treaty,Also known as the Five-Power Treaty,Attempts to limit naval expansion,Five-Power Treaty,Washington Naval Treaty
1922,Treaty of Rapallo (1922),https://en.wikipedia.org/wiki/Treaty_of_Rapallo_(1922),,Between the Weimar Republic and Bolshevist Russia,,Treaty of Rapallo
1922,Treaty on the Creation of the USSR,https://en.wikipedia.org/wiki/Treaty_on_the_Creation_of_the_USSR,,Legalized the creation of a union of several Republics of the Soviet Union in the form of the Union of Soviet Socialist Republics,,Treaty on the Creation of the USSR
1923,Treaty of Lausanne (1923),https://en.wikipedia.org/wiki/Treaty_of_Lausanne_(1923),,Sets the boundaries of modern Turkey,,Treaty of Lausanne
1923,Halibut Treaty,https://en.wikipedia.org/wiki/Halibut_Treaty,,Canadian-American agreement concerning fishing rights in the northern Pacific Ocean,,Halibut Treaty
1923,Convention and Statute on the International Régime of Maritime Ports,https://en.wikipedia.org/wiki/Convention_and_Statute_on_the_International_R%C3%A9gime_of_Maritime_Ports,,"Mandated equal treatment of all ships in maritime ports, regardless of nationality",,Convention and Statute on the International Régime of Maritime Ports
1924,Brussels Agreement (1924),https://en.wikipedia.org/wiki/Brussels_Agreement_(1924),,Multilateral treaty providing for medical treatment of seamen with venereal diseases,,Brussels Agreement
1924,Treaty of Rome (1924),https://en.wikipedia.org/wiki/Treaty_of_Rome_(1924),,Revokes parts of the Treaty of Rapallo (1920) that created the independent Free State of Fiume ; Fiume would be annexed to Italy while the town of Sušak would be assigned to Yugoslavia,,Treaty of Rome
1925,Treaty of Nettuno,https://en.wikipedia.org/wiki/Treaty_of_Nettuno,,Defines border and immigration policy between the Kingdom of Italy and the Kingdom of Yugoslavia,,Treaty of Nettuno
1925,Locarno Treaties,https://en.wikipedia.org/wiki/Locarno_Treaties,,Seven treaties between the World War I Western European Allied powers and the new states of central and Eastern Europe,,Locarno Treaties
1925,Hague Agreement Concerning the International Deposit of Industrial Designs,https://en.wikipedia.org/wiki/Hague_Agreement_Concerning_the_International_Deposit_of_Industrial_Designs,,"Adopted: The Hague - November 6, 1925. Revised in London on June 2, 1934 and on November 28, 1960. Supplemented: Monaco - November 18, 1961. Revisions: Stockholm - July 14, 1967, Geneva - August 29, 1975, Amended: September 28, 1979, Geneva - July 2, 1999",,Hague Agreement Concerning the International Deposit of Industrial Designs
1926,Treaty of Berlin (1926),https://en.wikipedia.org/wiki/Treaty_of_Berlin_(1926),,Germany and the Soviet Union pledge neutrality,,Treaty of Berlin
1926,Treaty of San'a,https://en.wikipedia.org/wiki/Treaty_of_San%27a,,"Italian recognition of Yahya Muhammad Hamid ed-Din as king of Yemen, and Yemeni claims to Aden",,Treaty of San'a
1927,Treaty of Jeddah (1927),https://en.wikipedia.org/wiki/Treaty_of_Jeddah_(1927),,Establishes the independence of present-day Saudi Arabia from the United Kingdom,,Treaty of Jeddah
1928,Kellogg–Briand Pact,https://en.wikipedia.org/wiki/Kellogg%E2%80%93Briand_Pact,Also known as the Pact of Paris,"Calls ""for the renunciation of war as an instrument of national policy""",Pact of Paris,Kellogg–Briand Pact
1928,Italo-Ethiopian Treaty of 1928,https://en.wikipedia.org/wiki/Italo-Ethiopian_Treaty_of_1928,,20 year treaty of peace between the Kingdom of Italy and the Empire of Ethiopia,,Italo-Ethiopian Treaty
1929,Lateran Treaty,https://en.wikipedia.org/wiki/Lateran_Treaty,,The Kingdom of Italy and the Vatican City formally recognize each other,,Lateran Treaty
1929,Geneva Convention (1929),https://en.wikipedia.org/wiki/Geneva_Convention_on_Prisoners_of_War_(1929),,Establishes rules for the treatment of prisoners of war ; predecessor of the 1949 Third Geneva Convention,Geneva Convention,Third Geneva Convention
1929,International Convention for the Suppression of Counterfeiting Currency,https://en.wikipedia.org/wiki/International_Convention_for_the_Suppression_of_Counterfeiting_Currency,,Criminalises the counterfeiting of currency,,International Convention for the Suppression of Counterfeiting Currency
1930,London Naval Treaty,https://en.wikipedia.org/wiki/London_Naval_Treaty,Also known as the Treaty for the Limitation and Reduction of Naval Armament,Regulates submarine warfare and shipbuilding,Washington Naval Treaty,London Naval Treaty
1930,Convention Between the United States and Great Britain (1930),https://en.wikipedia.org/wiki/Convention_Between_the_United_States_and_Great_Britain_(1930),,Definitely delimits the boundary between North Borneo (then a British protectorate ) and the Philippine archipelago (then a U.S. Territory ),,Convention Between the United States and Great Britain
1931,Treaty of Westminster (1931),https://en.wikipedia.org/wiki/Treaty_of_Westminster_(1931),Also known as the Statute of Westminster 1931,Creates the British Commonwealth,Statute of Westminster,Treaty of Westminster
1932,Soviet–Polish Non-Aggression Pact,https://en.wikipedia.org/wiki/Soviet%E2%80%93Polish_Non-Aggression_Pact,,International treaty of non-aggression signed by representatives of Poland and the USSR,,Soviet–Polish Non-Aggression Pact
1934,German–Polish declaration of non-aggression,https://en.wikipedia.org/wiki/German%E2%80%93Polish_declaration_of_non-aggression,,International treaty between Nazi Germany and the Second Polish Republic ; both countries pledged to settle disputes through bilateral negotiations,,German–Polish declaration of non-aggression
1934,Balkan Pact,https://en.wikipedia.org/wiki/Balkan_Pact,,"Between Greece, Turkey, Romania, and Yugoslavia; signatories agree to suspend all disputed territorial claims against each other",,Balkan Pact
1935,Franco-Soviet Treaty of Mutual Assistance,https://en.wikipedia.org/wiki/Franco-Soviet_Treaty_of_Mutual_Assistance,,Bilateral pact between France and the USSR with the aim of containing German aggression,,Franco-Soviet Treaty of Mutual Assistance
1935,"Treaty of Establishment, Commerce and Navigation","https://en.wikipedia.org/wiki/Treaty_of_Establishment,_Commerce_and_Navigation","Also known as the Treaty of Establishment, Commerce and Navigation with Full Protocols and Annex",Reinforces the Russo-Persian Treaty of Friendship,"Treaty of Establishment, Commerce and Navigation with Full Protocols and Annex","Treaty of Establishment, Commerce and Navigation"
1936,Anglo-Egyptian Treaty of 1936,https://en.wikipedia.org/wiki/Anglo-Egyptian_Treaty_of_1936,,The United Kingdom withdraws its troops from Egypt except those necessary to protect the Suez Canal and its surroundings,,Anglo-Egyptian Treaty
1936,Franco-Syrian Treaty of Independence (1936),https://en.wikipedia.org/wiki/Franco-Syrian_Treaty_of_Independence_(1936),,France provides independence to Syria,,Franco-Syrian Treaty of Independence
1936,Montreux Convention Regarding the Regime of the Straits,https://en.wikipedia.org/wiki/Montreux_Convention_Regarding_the_Regime_of_the_Straits,,Approve Turkish control on Bosphorus and Dardanelles Straits,,Montreux Convention Regarding the Regime of the Straits
1937,International Convention for the Regulation of Whaling,https://en.wikipedia.org/wiki/International_Convention_for_the_Regulation_of_Whaling,,Establishes limitations on whaling practices; protocols signed in 1938 and again in 1945,,International Convention for the Regulation of Whaling
1937,Treaty of Saadabad,https://en.wikipedia.org/wiki/Treaty_of_Saadabad,Also known as the Saadabad Pact,"A non-aggression pact signed by Turkey, Iran, Iraq and Afghanistan",Saadabad Pact,Treaty of Saadabad
1938,Munich Agreement,https://en.wikipedia.org/wiki/Munich_Agreement,,Surrenders the Sudetenland to Germany,,Munich Agreement
1939,Molotov–Ribbentrop Pact,https://en.wikipedia.org/wiki/Molotov%E2%80%93Ribbentrop_Pact,"Also known as the Hitler–Stalin Pact , the German–Soviet Nonaggression Pact , the or Nazi–Soviet Pact and formally as the Treaty of Nonaggression between Germany and the Union of Soviet Socialist Republics",Soviet-German non-aggression pact,German–Soviet Nonaggression Pact; Nazi–Soviet Pact; Treaty of Nonaggression between Germany and the Union of Soviet Socialist Republics,Molotov–Ribbentrop Pact
1939,Pact of Steel,https://en.wikipedia.org/wiki/Pact_of_Steel,,Pact of Friendship and Alliance between Germany and Italy,,Pact of Steel
1940,Moscow Peace Treaty,https://en.wikipedia.org/wiki/Moscow_Peace_Treaty,,Ends the Winter War,,Moscow Peace Treaty
1940,Treaty of Commerce and Navigation,https://en.wikipedia.org/wiki/Treaty_of_Commerce_and_Navigation,,"Reinforces the Treaty of Establishment, Commerce and Navigation between Iran and the Soviet Union",,Treaty of Commerce and Navigation
1940,Tripartite Pact,https://en.wikipedia.org/wiki/Tripartite_Pact,,Axis Powers of Second World War are formed,,Tripartite Pact
1940,Treaty of Craiova,https://en.wikipedia.org/wiki/Treaty_of_Craiova,,Romania cedes territories to Bulgaria,,Treaty of Craiova
1941,Tokyo Convention,https://en.wikipedia.org/wiki/Tokyo_Convention,,Ends the Franco-Thai War,,Tokyo Convention
1942,Anglo-Soviet Treaty of 1942,https://en.wikipedia.org/wiki/Anglo-Soviet_Treaty_of_1942,,Twenty-year mutual assistance agreement between the United Kingdom and the USSR that establishes both a military and political alliance,,Anglo-Soviet Treaty
1944,Bretton Woods Agreement,https://en.wikipedia.org/wiki/Bretton_Woods_Agreement,,Establishes rules for commercial and financial relations among the major industrial states,,Bretton Woods Agreement
1944,Tito–Šubašić Agreement,https://en.wikipedia.org/wiki/Tito%E2%80%93%C5%A0uba%C5%A1i%C4%87_Agreement,Also known as the Treaty of Vis,Attempts to merge Yugoslavian governments,Treaty of Vis,Tito–Šubašić Agreement
1944,Chicago Convention on International Civil Aviation,https://en.wikipedia.org/wiki/Chicago_Convention_on_International_Civil_Aviation,,Establishes the International Civil Aviation Organization ; ratified in 1947,,Chicago Convention on International Civil Aviation
1944,London Protocol (1944),https://en.wikipedia.org/wiki/London_Protocol_(1944),,Prepares for the division of Germany into three occupation zones,,London Protocol
1945,Treaty of Varkiza,https://en.wikipedia.org/wiki/Treaty_of_Varkiza,Also known as the Varkiza Pact and the Varkiza Peace Agreement,Attempts to officially end the Greek Civil War,Varkiza Pact; Varkiza Peace Agreement,Treaty of Varkiza
1945,United Nations Charter,https://en.wikipedia.org/wiki/United_Nations_Charter,,Establishes the United Nations,,United Nations Charter
1945,Wanfried Agreement,https://en.wikipedia.org/wiki/Wanfried_agreement,,Transfers three Hessian villages to the Soviet Union and two Eichsfeld villages to the United States,,Wanfried Agreement
1946,Bermuda Agreement,https://en.wikipedia.org/wiki/Bermuda_Agreement,,Bilateral agreement on civil aviation between the United States and United Kingdom,,Bermuda Agreement
1946,Keflavik Agreement,https://en.wikipedia.org/wiki/Keflavik_Agreement,,Between the US and Iceland,,Keflavik Agreement
1946,Gruber–De Gasperi Agreement,https://en.wikipedia.org/wiki/Gruber%E2%80%93De_Gasperi_Agreement,,"South Tyrol and Trentino remain part of Italy, but ensures their autonomy as region of Trentino-Alto Adige/Südtirol",,Gruber–De Gasperi Agreement
1946,International Convention for the Regulation of Whaling,https://en.wikipedia.org/wiki/International_Convention_for_the_Regulation_of_Whaling,,"Replaces the International Agreement for the Regulation of Whaling; governs the commercial, scientific, and aboriginal subsistence whaling practices of fifty-nine member nations",,International Convention for the Regulation of Whaling
1946,1946 Lake Success Protocol,https://en.wikipedia.org/wiki/1946_Lake_Success_Protocol,"Also known formally as the Protocol Amending the Agreements, Conventions and Protocols on Narcotic Drugs concluded at The Hague on 23 January 1912, at Geneva on 11 February 1925 and 19 February 1925, and 13 July 1931, at Bangkok on 27 November 1931 and at Geneva on 26 June 1936",Shifts drug control functions previously assigned to the League of Nations to the United Nations,Protocol Amending the Agreements Conventions and Protocols on Narcotic Drugs,Lake Success Protocol
1946,Treaty of Manila (1946),https://en.wikipedia.org/wiki/Treaty_of_Manila_(1946),Also known as the Treaty of General Relations Between The United States Of America And The Republic Of The Philippines (archived from the original on 2009-03-26),The United States recognizes the independence of the Republic of the Philippines,Treaty of General Relations Between The United States Of America And The Republic Of The Philippines,Treaty of Manila
1946,Treaty of London (1946),https://en.wikipedia.org/wiki/Treaty_of_London_(1946),,Great Britain recognizes the independence of Transjordan,,Treaty of London
1947,General Agreement on Tariffs and Trade,https://en.wikipedia.org/wiki/General_Agreement_on_Tariffs_and_Trade,"Also known, in abbreviated form, as GATT",Establishes international trade rules,GATT,General Agreement on Tariffs and Trade
1947,"Paris Peace Treaties, 1947","https://en.wikipedia.org/wiki/Paris_Peace_Treaties,_1947",,Formally ends World War II in the European Theatre,,Paris Peace Treaties
1947,Inter-American Treaty of Reciprocal Assistance,https://en.wikipedia.org/wiki/Inter-American_Treaty_of_Reciprocal_Assistance,Also known as the Rio Treaty and Rio Pact,"A ""hemispheric defense"" doctrine signed by many nations in the Americas",Rio Treaty; Rio Pact,Inter-American Treaty of Reciprocal Assistance
1947,"United Nations Education, Scientific and Cultural Organization",https://en.wikipedia.org/wiki/UNESCO,,"Establishes the department of the United Nations that deals with Education, Science, and Culture",,"United Nations Education, Scientific and Cultural Organization"
1949,North Atlantic Treaty,https://en.wikipedia.org/wiki/North_Atlantic_Treaty,Also known as the Treaty of Washington,"Establishes NATO , the North Atlantic Treaty Organization",Treaty of Washington,North Atlantic Treaty
1949,Fourth Geneva Convention,https://en.wikipedia.org/wiki/Fourth_Geneva_Convention,Also known as GCIV,Establishes rules for the protection of civilians during wartime,Geneva Convention IV; Geneva Convention,Fourth Geneva Convention
1949,Treaty of The Hague (1949),https://en.wikipedia.org/wiki/Treaty_of_The_Hague_(1949),,The Netherlands grants independence to Indonesia except for the South Molucca Islands and West Irian,,Treaty of The Hague
1949,Treaty of London (1949),https://en.wikipedia.org/wiki/Treaty_of_London_(1949),,Creates the Council of Europe,,Treaty of London
1950,Liaquat–Nehru Pact,https://en.wikipedia.org/wiki/Liaquat%E2%80%93Nehru_Pact,,"Between Pakistani Prime Minister Liaquat Ali Khan and Indian Prime Minister Jawaharlal Nehru , India",,Liaquat–Nehru Pact
1950,Treaty of Zgorzelec,https://en.wikipedia.org/wiki/Treaty_of_Zgorzelec,Also known formally as the Treaty between the Republic of Poland and the German Democratic Republic concerning the demarcation of the established and existing Polish-German state border,Establishes borders between the Republic of Poland and the German Democratic Republic,Treaty between the Republic of Poland and the German Democratic Republic concerning the demarcation of the established and existing Polish-German state border,Treaty of Zgorzelec
1951,Mutual Defense Treaty (U.S.–Philippines),https://en.wikipedia.org/wiki/Mutual_Defense_Treaty_(U.S.%E2%80%93Philippines),,A mutual defense accord between the Philippines and the United States,,Mutual Defense Treaty (U.S.–Philippines)
1951,Genocide Convention,https://en.wikipedia.org/wiki/Genocide_Convention,,Defines and outlaws genocide,,Genocide Convention
1951,Treaty of San Francisco,https://en.wikipedia.org/wiki/Treaty_of_San_Francisco,Also known as San Francisco Peace Treaty and the Treaty of Peace with Japan,Formally ends the war between the Allies of World War II and Japan,San Francisco Peace Treaty; Treaty of Peace with Japan,Treaty of San Francisco
1951,Security Treaty Between the United States and Japan,https://en.wikipedia.org/wiki/Security_Treaty_Between_the_United_States_and_Japan,,"A mutual defense agreement between the United States and Japan; went into effect on April 28, 1952",,Security Treaty Between the United States and Japan
1951,U.S. and Japan Mutual Defense Assistance Agreement,https://en.wikipedia.org/wiki/U.S._and_Japan_Mutual_Defense_Assistance_Agreement,,"Permits U.S. armed forces to station troops in Japan while encouraging Japan to rearm for defensive purposes only; went into effect on May 1, 1954",,U.S. and Japan Mutual Defense Assistance Agreement
1952,ANZUS Treaty,https://en.wikipedia.org/wiki/ANZUS_Treaty,"Also known as the Australia, New Zealand, United States Security Treaty","Alliance between Australia, New Zealand and the United States","Australia, New Zealand, United States Security Treaty",ANZUS Treaty
1952,Treaty of Taipei,https://en.wikipedia.org/wiki/Treaty_of_Taipei,Also known as the Sino-Japanese Peace Treaty,Peace treaty between Japan and the Republic of China,Treaty of Peace between the People's Republic of China and Japan,Treaty of Taipei
1952,General Treaty,https://en.wikipedia.org/wiki/General_Treaty,Also known as the Deutschlandvertrag,"Treaty between the Federal Republic of Germany and the Western Allies (France, UK, USA) restoring (limited) German sovereignty",Germany Treaty,General Treaty
1952,International Convention relating to Arrest of Sea-going Ships,https://en.wikipedia.org/wiki/International_Convention_relating_to_Arrest_of_Sea-going_Ships,,Standardises rules relating to arrest of ships in port,,International Convention relating to Arrest of Sea-going Ships
1953,Korean War Armistice Agreement,https://en.wikipedia.org/wiki/Korean_War,s:Korean Armistice Agreement,Ended the fighting between the United Nations Command and the Korean People's Army & PRC People's Liberation Army,Korean Armistice Agreement,Korean War Armistice Agreement
1954,Central Treaty Organization,https://en.wikipedia.org/wiki/Central_Treaty_Organization,"Also known, in abbreviated form, as CENTO ; original name was the Middle East Treaty Organization or METO ; also known as the Baghdad Pact",Alliance of Middle Eastern countries and the United Kingdom,CENTO; Middle East Treaty Organization; METO; Baghdad Pact,Central Treaty Organization
1954,Southeast Asia Collective Defense Treaty,https://en.wikipedia.org/wiki/Southeast_Asia_Collective_Defense_Treaty,Also known as the Manila Pact,"Established the Southeast Asia Treaty Organization , (SEATO), a defensive alliance between Australia, France, New Zealand, Pakistan, Philippines, South Korea, South Vietnam, Thailand, the United Kingdom and the United States",SEATO Treaty,Southeast Asia Collective Defense Treaty
1955,Asian–African Conference,https://en.wikipedia.org/wiki/Asian%E2%80%93African_Conference,Also known as the Bandung Conference,"Conference stated to promote Afro-Asian economic and cultural cooperation and to oppose colonialism or neocolonialism by the United States, the Soviet Union, or any other ""imperialistic"" nation",Bandung Conference,Asian–African Conference
1955,Austrian State Treaty,https://en.wikipedia.org/wiki/Austrian_State_Treaty,Also known as the Austrian Independence Treaty,"Re-establishes a free, sovereign and democratic Austria",Austrian Independence Treaty,Austrian State Treaty
1955,Simonstown Agreement,https://en.wikipedia.org/wiki/Simonstown_Agreement,,"The Royal Navy surrenders its naval base at Simonstown , South Africa and transfers command of the South African Navy to the government of South Africa",,Simonstown Agreement
1955,Warsaw Pact,https://en.wikipedia.org/wiki/Warsaw_Pact,"Also known as the Warsaw Treaty and the Treaty of Friendship, Co-operation and Mutual Assistance",Alliance of Central and Eastern European communist states,Warsaw Treaty; Treaty of Friendship Co-operation and Mutual Assistance,Warsaw Pact
1956,Soviet–Japanese Joint Declaration of 1956,https://en.wikipedia.org/wiki/Soviet%E2%80%93Japanese_Joint_Declaration_of_1956,,Reestablishes diplomatic relations between the Soviet Union and Japan following World War II,,Soviet–Japanese Joint Declaration
1957,Anglo-Malayan Defence Agreement,https://en.wikipedia.org/wiki/Anglo-Malayan_Defence_Agreement,Also known as the Anglo-Malaysian Defence Agreement,Provides a security umbrella for the independent Malaya,Anglo-Malaysian Defence Agreement,Anglo-Malayan Defence Agreement
1957,Treaty of Rome,https://en.wikipedia.org/wiki/Treaty_of_Rome,Also known as the Treaty establishing the European Economic Community,Establishes the European Economic Community,Treaty establishing the European Economic Community,Treaty of Rome
1957,International Atomic Energy Treaty,https://en.wikipedia.org/wiki/International_Atomic_Energy_Treaty,,Establishes the International Atomic Energy Agency,,International Atomic Energy Treaty
1958,1958 US–UK Mutual Defence Agreement,https://en.wikipedia.org/wiki/1958_US%E2%80%93UK_Mutual_Defence_Agreement,,Bilateral treaty between the United States and the United Kingdom on nuclear weapons cooperation,,US–UK Mutual Defence Agreement
1958,Lisbon Agreement for the Protection of Appellations of Origin and their International Registration,https://en.wikipedia.org/wiki/Lisbon_Agreement_for_the_Protection_of_Appellations_of_Origin_and_their_International_Registration,,"Protection of Appellations of Origin and establishment of an International Register of Appellations of Origin, run by the World Intellectual Property Organization",,Lisbon Agreement for the Protection of Appellations of Origin and their International Registration
1958,Convention on the Territorial Sea and the Contiguous Zone,https://en.wikipedia.org/wiki/Convention_on_the_Territorial_Sea_and_the_Contiguous_Zone,,Provides new universal legal controls for the management of marine natural resources and the control of pollution,,Convention on the Territorial Sea and the Contiguous Zone
1959,Antarctic Treaty System,https://en.wikipedia.org/wiki/Antarctic_Treaty_System,"Also known, in abbreviated form, as ATS","Sets aside Antarctica as a scientific preserve, establishes freedom of scientific investigation and bans military activity on the continent; came into force in 1961",ATS,Antarctic Treaty System
1960,Treaty of Mutual Cooperation and Security between the United States and Japan,https://en.wikipedia.org/wiki/Treaty_of_Mutual_Cooperation_and_Security_between_the_United_States_and_Japan,,"Strengthens Japan's ties to the ""West"" during the Cold War era",,Treaty of Mutual Cooperation and Security between the United States and Japan
1960,The Indus Waters Treaty 1960,https://en.wikipedia.org/wiki/Indus_Waters_Treaty,,Water sharing treaty between India and Pakistan,,The Indus Waters Treaty
1960,1960 Treaty of Montevideo,https://en.wikipedia.org/wiki/1960_Treaty_of_Montevideo,,Establishes the Latin American Free Trade Association,,Treaty of Montevideo
1960,London and Zurich Agreements,https://en.wikipedia.org/wiki/London_and_Zurich_Agreements,,"Between United Kingdom, Turkey and Greece about the independence and Guarantee of Cyprus",,London and Zurich Agreements
1961,Arms Control and Disarmament Agency,https://en.wikipedia.org/wiki/Arms_Control_and_Disarmament_Agency,,Strengthens U.S. national security by implementing effective policies of arms control and disarmament,,Arms Control and Disarmament Agency
1961,Apostille Convention,https://en.wikipedia.org/wiki/Apostille_Convention,,International treaty drafted by the Hague Conference on Private International Law. It specifies the modalities through which a document issued in one of the signatory countries can be certified for legal purposes in all the other signatory states. Such a certification is called an apostille (French: certification). The apostille is an international certification. The treaty is also officially known as the Hague Convention Abolishing the Requirement of Legalisation for Foreign Public Documents,,Apostille Convention
1961,Columbia River Treaty,https://en.wikipedia.org/wiki/Columbia_River_Treaty,,International agreement between Canada and the United States on the development and operation of the upper Columbia River basin,,Columbia River Treaty
1961,Vienna Convention on Diplomatic Relations,https://en.wikipedia.org/wiki/Vienna_Convention_on_Diplomatic_Relations,,International treaty on diplomatic intercourse and the privileges and immunities of diplomatic missions; came into force in 1964,,Vienna Convention on Diplomatic Relations
1961,Alliance for Progress,https://en.wikipedia.org/wiki/Alliance_for_Progress,,U.S. President Dwight D. Eisenhower attempts to establish economic cooperation between North America and South America,,Alliance for Progress
1961,Single Convention on Narcotic Drugs,https://en.wikipedia.org/wiki/Single_Convention_on_Narcotic_Drugs,,"International treaty regulating the manufacture and use for medical purposes, and banning the trafficking of narcotic drugs",,Single Convention on Narcotic Drugs
1961,Convention on the Reduction of Statelessness,https://en.wikipedia.org/wiki/Convention_on_the_Reduction_of_Statelessness,,"International treaty against statelessness; went into effect on December 13, 1975",,Convention on the Reduction of Statelessness
1961,"Rome Convention for the Protection of Performers, Producers of Phonograms and Broadcasting Organisations","https://en.wikipedia.org/wiki/Rome_Convention_for_the_Protection_of_Performers,_Producers_of_Phonograms_and_Broadcasting_Organisations",,"Adopted on October 26, 1961. The Rome Convention secures protection in performances for performers, in phonograms for producers of phonograms and in broadcasts for broadcasting organizations",,"Rome Convention for the Protection of Performers, Producers of Phonograms and Broadcasting Organisations"
1962,Nassau Agreement,https://en.wikipedia.org/wiki/Nassau_Agreement,,"The United States provides the United Kingdom with nuclear-armed Polaris missiles in return for a nuclear submarine base in the Holy Loch , near Glasgow",,Nassau Agreement
1962,New York Agreement,https://en.wikipedia.org/wiki/New_York_Agreement,,Agreement between the Republic of Indonesia and the Kingdom of the Netherlands Concerning West New Guinea (West Irian). Transferred responsibility for a territory to the United Nations and arranged for subsequent administration by Indonesia pending an act of self-determination defined in agreement,,New York Agreement
1962,Sino–North Korean Border Treaty,https://en.wikipedia.org/wiki/Sino%E2%80%93North_Korean_Border_Treaty,,"Border treaty made in secret between the People's Republic of China and North Korea that, in combination with a subsequent 1963 treaty, defines the modern border between the two countries",,Sino–North Korean Border Treaty
1963,Vienna Convention on Consular Relations,https://en.wikipedia.org/wiki/Vienna_Convention_on_Consular_Relations,,Multilateral treaty that codifies consular practices,,Vienna Convention on Consular Relations
1963,Vienna Convention on Civil Liability for Nuclear Damage,https://en.wikipedia.org/wiki/Vienna_Convention_on_Civil_Liability_for_Nuclear_Damage,,Sets rules of liability for any and all forms of nuclear damage,,Vienna Convention on Civil Liability for Nuclear Damage
1963,Partial Nuclear Test Ban Treaty,https://en.wikipedia.org/wiki/Partial_Nuclear_Test_Ban_Treaty,"Also known as the Limited Test Ban Treaty , the Nuclear Test Ban Treaty and the Treaty Banning Nuclear Weapon Tests In The Atmosphere, In Outer Space And Under Water",Prohibiting all test detonations of nuclear weapons except underground,"Limited Test Ban Treaty; Nuclear Test Ban Treaty; Treaty Banning Nuclear Weapon Tests In The Atmosphere, In Outer Space And Under Water",Partial Nuclear Test Ban Treaty
1963,Élysée Treaty,https://en.wikipedia.org/wiki/%C3%89lys%C3%A9e_Treaty,Also known as the Franco-German Partnership,"Franco-German agreement for joint cooperation in foreign policy, economic and military integration, and exchange of student education",Franco-German Partnership,Élysée Treaty
1963,Strasbourg Convention,https://en.wikipedia.org/wiki/Convention_on_the_Unification_of_Certain_Points_of_Substantive_Law_on_Patents_for_Invention,Also known as the Strasbourg Patent Convention and the Convention on the Unification of Certain Points of Substantive Law on Patents for Invention,Harmonizes patent laws across European countries,Strasbourg Patent Convention; Convention on the Unification of Certain Points of Substantive Law on Patents for Invention,Strasbourg Convention
1965,Merger Treaty,https://en.wikipedia.org/wiki/Merger_Treaty,,"Organizes the European Coal and Steel Community , the European Economic Community and Euratom ; creates European Commission and the Council of the European Communities ; came into force on July 1, 1967",,Merger Treaty
1965,Treaty on Basic Relations between Japan and the Republic of Korea,https://en.wikipedia.org/wiki/Treaty_on_Basic_Relations_between_Japan_and_the_Republic_of_Korea,,Established basic relationship between Japan and the Republic of Korea (South Korea),,Treaty on Basic Relations between Japan and the Republic of Korea
1967,Treaty of Tlatelolco,https://en.wikipedia.org/wiki/Treaty_of_Tlatelolco,Also known as the Treaty for the Prohibition of Nuclear Weapons in Latin America and the Caribbean,Keeps Latin American and the Caribbean regions free of nuclear weapons,Treaty for the Prohibition of Nuclear Weapons in Latin America and the Caribbean,Treaty of Tlatelolco
1967,ASEAN Declaration,https://en.wikipedia.org/wiki/ASEAN_Declaration,Also known as the Bangkok Declaration,Founding document of the Association of Southeast Asian Nations,Bangkok Declaration,ASEAN Declaration
1967,WIPO Convention,https://en.wikipedia.org/wiki/WIPO_Convention,Also known as the Convention Establishing the World Intellectual Property Organization,Established the World Intellectual Property Organization,World Intellectual Property Organization Convention,WIPO Convention
1967,Outer Space Treaty,https://en.wikipedia.org/wiki/Outer_Space_Treaty,"Also known as the Treaty on Principles Governing the Activities of States in the Exploration and Use of Outer Space, including the Moon and Other Celestial Bodies",Forbids the placing of nuclear weapons or any other weapons of mass destruction on celestial bodies and into outer space in general,"Treaty on Principles Governing the Activities of States in the Exploration and Use of Outer Space, including the Moon and Other Celestial Bodies",Outer Space Treaty
1968,Treaty on the Non-Proliferation of Nuclear Weapons,https://en.wikipedia.org/wiki/Treaty_on_the_Non-Proliferation_of_Nuclear_Weapons,Also known as the Treaty on the Non-Proliferation of Nuclear Weapons,"Limits the spread of nuclear weapons through non-proliferation, disarmament, and the right to utilize nuclear technology for peaceful purposes",Treaty on the Non-Proliferation of Nuclear Weapons,Treaty on the Non-Proliferation of Nuclear Weapons
1969,Convention on the Elimination of All Forms of Racial Discrimination,https://en.wikipedia.org/wiki/Convention_on_the_Elimination_of_All_Forms_of_Racial_Discrimination,,Commits signatories to the elimination of racial discrimination and the promotion of understanding among all races,,Convention on the Elimination of All Forms of Racial Discrimination
1969,Vienna Convention on the Law of Treaties,https://en.wikipedia.org/wiki/Vienna_Convention_on_the_Law_of_Treaties,"Also known, in abbreviated form, as the VCLT",Codifies the pre-existing international customary law on treaties with some necessary gap-filling and clarifications,VCLT,Vienna Convention on the Law of Treaties
1969,Arusha Agreement,https://en.wikipedia.org/wiki/Arusha_Agreement,,"Establishes better economic relations between the European Community and the nations of Kenya , Uganda , and Tanzania ; came into force in 1971",,Arusha Agreement
1970,Hague Hijacking Convention,https://en.wikipedia.org/wiki/Hague_Hijacking_Convention,,Criminalises the hijacking of civil aviation aircraft,,Hague Hijacking Convention
1970,Patent Cooperation Treaty,https://en.wikipedia.org/wiki/Patent_Cooperation_Treaty,"Also known, in abbreviated form, as the PCT",Provides a unified procedure for filing patent applications to protect inventions internationally; came into force in 1978; amended in 1979; modified in 1984 and 2001,PCT,Patent Cooperation Treaty
1970,Boundary Treaty of 1970,https://en.wikipedia.org/wiki/Boundary_Treaty_of_1970,,Settles boundary disputes between the United States and Mexico,,Boundary Treaty
1970,Treaty of Warsaw (1970),https://en.wikipedia.org/wiki/Treaty_of_Warsaw_(1970),,West Germany and the People's Republic of Poland pledge themselves to nonviolence and accept the Oder–Neisse line ; ratified in 1972,,Treaty of Warsaw
1971,Convention on Psychotropic Substances,https://en.wikipedia.org/wiki/Convention_on_Psychotropic_Substances,,"Attempts to control psychoactive drugs such as amphetamines , barbiturates , and LSD",,Convention on Psychotropic Substances
1971,Five Power Defence Arrangements,https://en.wikipedia.org/wiki/Five_Power_Defence_Arrangements,"Also known, in abbreviated form, as the FPDA","Security agreement between Australia, Malaysia , New Zealand, Singapore and the United Kingdom",FPDA,Five Power Defence Arrangements
1971,Ramsar Convention,https://en.wikipedia.org/wiki/Ramsar_Convention,,Focuses on the conservation and sustainable utilization of wetlands ; went into effect in 1975,,Ramsar Convention
1971,IPC Agreement,https://en.wikipedia.org/wiki/Strasbourg_Agreement_Concerning_the_International_Patent_Classification,Also known as the Strasbourg Agreement Concerning the International Patent Classification,"Establishes a common classification for patents for invention, inventors' certificates, utility models and utility certificates; went into effect in 1975; amended in 1979",Strasbourg Agreement Concerning the International Patent Classification,IPC Agreement
1971,Seabed Arms Control Treaty,https://en.wikipedia.org/wiki/Seabed_Arms_Control_Treaty,Also known as the Seabed Treaty,Bans the placement of nuclear weapons on the ocean floor beyond a 12-mile (19 km) coastal zone; came into force in 1972,Seabed Treaty,Seabed Arms Control Treaty
1971,Convention for the Suppression of Unlawful Acts against the Safety of Civil Aviation,https://en.wikipedia.org/wiki/Convention_for_the_Suppression_of_Unlawful_Acts_against_the_Safety_of_Civil_Aviation,,Criminalises sabotage of civil aircraft and dangerous acts on board aircraft,,Convention for the Suppression of Unlawful Acts against the Safety of Civil Aviation
1971,Indo-Soviet Treaty of Friendship and Cooperation,https://en.wikipedia.org/wiki/Indo-Soviet_Treaty_of_Friendship_and_Cooperation,,Specifies strategic cooperation between India and the Soviet Union,,Indo-Soviet Treaty of Friendship and Cooperation
1971,Geneva Phonograms Convention,https://en.wikipedia.org/wiki/Geneva_Phonograms_Convention,,Convention for the Protection of Producers of Phonograms Against Unauthorized Duplication of Their Phonograms; adopted in Geneva in October 1971,,Geneva Phonograms Convention
1971,Strasbourg Agreement Concerning the International Patent Classification,https://en.wikipedia.org/wiki/Strasbourg_Agreement_Concerning_the_International_Patent_Classification,,"Adopted: Strasbourg - March 24, 1971. Amended: September 28, 1979",,Strasbourg Agreement Concerning the International Patent Classification
1972,Addis Ababa Agreement (1972),https://en.wikipedia.org/wiki/Addis_Ababa_Agreement_(1972),,"A series of accords between the government of Sudan and insurgents in Southern Sudan, which ended the First Sudanese Civil War",,Addis Ababa Agreement
1972,Anti-Ballistic Missile Treaty,https://en.wikipedia.org/wiki/Anti-Ballistic_Missile_Treaty,Also known as the ABM Treaty or ABMT,Limits the use of anti-ballistic missile (ABM) systems in defending areas against missile-delivered nuclear weapons (US PL 92-448),ABM Treaty; ABMT,Anti-Ballistic Missile Treaty
1972,Basic Treaty (1972),https://en.wikipedia.org/wiki/Basic_Treaty_(1972),Also known as the Treaty concerning the basis of relations between the Federal Republic of Germany and the German Democratic Republic,Establishes relations between the Federal Republic of Germany and the German Democratic Republic ; came into effect in 1973,Treaty concerning the basis of relations between the Federal Republic of Germany and the German Democratic Republic,Basic Treaty
1972,Biological Weapons Convention,https://en.wikipedia.org/wiki/Biological_Weapons_Convention,"Also known as the Convention on the Prohibition of the Development, Production and Stockpiling of Bacteriological (Biological) and Toxin Weapons and on their Destruction",First multilateral disarmament treaty banning the production of an entire category of biological weapons (with exceptions for medical and defensive purposes in small quantities),"Convention on the Prohibition of the Development, Production and Stockpiling of Bacteriological (Biological) and Toxin Weapons and on their Destruction",Biological Weapons Convention
1972,Convention for the Conservation of Antarctic Seals,https://en.wikipedia.org/wiki/Convention_for_the_Conservation_of_Antarctic_Seals,,Provides protection for Antarctic seals ; came into effect in 1978,,Convention for the Conservation of Antarctic Seals
1972,London Convention on the Prevention of Marine Pollution by Dumping of Wastes and Other Matter,https://en.wikipedia.org/wiki/London_Convention_on_the_Prevention_of_Marine_Pollution_by_Dumping_of_Wastes_and_Other_Matter,,"Attempts to control pollution of the sea via deliberate dumping by vessels, aircraft, and platforms",,London Convention on the Prevention of Marine Pollution by Dumping of Wastes and Other Matter
1972,Sino-Japanese Joint Communiqué,https://en.wikipedia.org/wiki/Joint_Communiqu%C3%A9_of_the_Government_of_Japan_and_the_Government_of_the_People%27s_Republic_of_China,Also known formally as the Joint Communiqué of the Government of Japan and the Government of the People's Republic of China,Japan recognizes PRC as the sole legal Government of China; and China renounces its demand for war reparation from Japan,Japan–China Joint Communiqué,Sino-Japanese Joint Communiqué
1972,Simla Agreement,https://en.wikipedia.org/wiki/Simla_Agreement,Also known as the Simla Pact and the Simla Treaty,Normalised relations between India and Pakistan following the Bangladesh Liberation War,Simla Pact; Simla Treaty,Simla Agreement
1973,European Patent Convention,https://en.wikipedia.org/wiki/European_Patent_Convention,Also known as the Convention on the Grant of European Patents,Multilateral treaty instituting the European Patent Organisation,European Patent Convention,European Patent Convention
1973,Agreement on the Transfer of Corpses,https://en.wikipedia.org/wiki/Agreement_on_the_Transfer_of_Corpses,,Establishes rules and standards for the transfer of human corpses across international borders,,Agreement on the Transfer of Corpses
1973,CITES - The Convention on International Trade in Endangered Species of Wild Fauna and Flora,https://en.wikipedia.org/wiki/CITES,,"Also known as the Washington Convention; Regulates international trade of endangered species of animals and plants (live specimens, as well as their parts and derivatives)",,CITES - Convention on International Trade in Endangered Species of Wild Fauna and Flora
1973,Treaty of Chaguaramas,https://en.wikipedia.org/wiki/Treaty_of_Chaguaramas,,"Establishes the Caribbean Community (CARICOM) signed by Barbados , Trinidad and Tobago , Guyana , and Jamaica and replaces the previous Caribbean Free Trade Association in 1974",,Treaty of Chaguaramas
1973,Paris Peace Accords,https://en.wikipedia.org/wiki/Paris_Peace_Accords,,Formalized American withdrawal from Vietnam,,Paris Peace Accords
1973,Vientiane Treaty,https://en.wikipedia.org/wiki/Vientiane_Treaty,,A cease-fire agreement between the monarchial government of Laos and the communist Pathet Lao,,Vientiane Treaty
1973,Agreement on the Transfer of Corpses,https://en.wikipedia.org/wiki/Agreement_on_the_Transfer_of_Corpses,,Establishes rules and standards for the transport of human corpses across international borders. Intended to replace a similar 1937 treaty,,Agreement on the Transfer of Corpses
1973,Sunningdale Agreement,https://en.wikipedia.org/wiki/Sunningdale_Agreement,,Established a power-sharing Northern Ireland Executive under Brian Faulkner of the UUP and Gerry Fitt of the SDLP,,Sunningdale Agreement
1974,Japan–Australia Migratory Bird Agreement,https://en.wikipedia.org/wiki/Japan%E2%80%93Australia_Migratory_Bird_Agreement,"Also known, in abbreviated form, as JAMBA",Treaty between Australia and Japan to minimise harm to the major areas used by birds that migrate between the two countries; came into force in 1981,JAMBA,Japan–Australia Migratory Bird Agreement
1974,Threshold Test Ban Treaty,https://en.wikipedia.org/wiki/Threshold_Test_Ban_Treaty,Also known as the Treaty on the Limitation of Underground Nuclear Weapon Tests,"Establishes a nuclear ""threshold"" by prohibiting nuclear tests of devices having a yield exceeding 150 kilotons",Treaty on the Limitation of Underground Nuclear Weapon Tests,Threshold Test Ban Treaty
1974,Brussels Convention Relating to the Distribution of Programme-Carrying Signals Transmitted by Satellite,https://en.wikipedia.org/wiki/Brussels_Convention_Relating_to_the_Distribution_of_Programme-Carrying_Signals_Transmitted_by_Satellite,,The Brussels or Satellites Convention provides for the obligation of each Contracting State to take adequate measures to prevent the unauthorized distribution on or from its territory of any programme-carrying signal transmitted by satellite,,Brussels Convention Relating to the Distribution of Programme-Carrying Signals Transmitted by Satellite
1975,Treaty of Osimo,https://en.wikipedia.org/wiki/Treaty_of_Osimo,,Divides the Free Territory of Trieste between Italy and Yugoslavia,,Treaty of Osimo
1975,Treaty of Lagos,https://en.wikipedia.org/wiki/Treaty_of_Lagos,,Establishes the Economic Community of West African States,,Treaty of Lagos
1976,Environmental Modification Convention,https://en.wikipedia.org/wiki/Environmental_Modification_Convention,Also known as the Convention on the Prohibition of Military or Any Other Hostile Use of Environmental Modification Techniques,Prohibits the military or other hostile use of environmental modification techniques; came into force in 1978,Environmental Modification Convention,Environmental Modification Convention
1976,Treaty of Amity and Cooperation in Southeast Asia,https://en.wikipedia.org/wiki/Treaty_of_Amity_and_Cooperation_in_Southeast_Asia,,Treaty signed among the founding members of ASEAN and acceded to by all ASEAN members and 15 non-members,,Treaty of Amity and Cooperation in Southeast Asia
1976,Convention on Limitation of Liability for Maritime Claims,https://en.wikipedia.org/wiki/Convention_on_Limitation_of_Liability_for_Maritime_Claims,,Admiralty law treaty regarding liability for maritime claims,,Convention on Limitation of Liability for Maritime Claims
1977,Budapest Treaty on the International Recognition of the Deposit of Microorganisms for the Purposes of Patent Procedure,https://en.wikipedia.org/wiki/Budapest_Treaty,,"Adopted in 1977, the Budapest Treaty concerns a specific topic in the international patent process: microorganisms",,Budapest Treaty on the International Recognition of the Deposit of Microorganisms for the Purposes of Patent Procedure
1977,Torrijos–Carter Treaties,https://en.wikipedia.org/wiki/Torrijos%E2%80%93Carter_Treaties,,Abrogates the Hay–Bunau-Varilla Treaty and guarantees Panama its eventual control of the Panama Canal after 1999,,Torrijos–Carter Treaties
1978,Camp David Accords,https://en.wikipedia.org/wiki/Camp_David_Accords,,Agreement between Egypt and Israel,,Camp David Accords
1978,Treaty of Peace and Friendship between Japan and the People's Republic of China,https://en.wikipedia.org/wiki/Treaty_of_Peace_and_Friendship_between_Japan_and_the_People%27s_Republic_of_China,,Peace agreement between Japan and the People's Republic of China,,Treaty of Peace and Friendship between Japan and the People's Republic of China
1979,Egypt–Israel peace treaty,https://en.wikipedia.org/wiki/Egypt%E2%80%93Israel_peace_treaty,,Israel and Egypt agree to mutually recognize each other; Israel agrees to withdraw its troops from the Sinai Peninsula in return for Israeli ships to gain free passage through the Suez Canal,,Egypt–Israel peace treaty
1979,Moon Treaty,https://en.wikipedia.org/wiki/Moon_Treaty,Also known as the Agreement Governing the Activities of States on the Moon and Other Celestial Bodies or the Moon Agreement,Turns jurisdiction of all heavenly bodies to the international community; went into effect in 1984,Moon Agreement,Moon Treaty
1979,Treaty of Accession 1979,https://en.wikipedia.org/wiki/Treaty_of_Accession_1979,,The accession of Greece to the European Union,,Treaty of Accession
1979,Treaty of Montevideo,https://en.wikipedia.org/wiki/1979_Treaty_of_Montevideo,,Both Argentina and Chile pledge to a peaceful solution to their border disputes at the Beagle Channel,,Treaty of Montevideo
1981,Nairobi Treaty on the Protection of the Olympic Symbol,,,"All parties to the Nairobi Treaty are under the obligation to protect the Olympic symbol against commercial use (in advertisements, on goods, as a mark, etc.) without the authorization of the International Olympic Committee",,Nairobi Treaty on the Protection of the Olympic Symbol
1983,Australia New Zealand Closer Economic Relations Trade Agreement,https://en.wikipedia.org/wiki/Australia_New_Zealand_Closer_Economic_Relations_Trade_Agreement,"Also known, in its abbreviated form, as ANZCERTA",A free trade agreement between the governments of New Zealand and Australia,ANZCERTA,Australia New Zealand Closer Economic Relations Trade Agreement
1984,Sino-British Joint Declaration,https://en.wikipedia.org/wiki/Sino-British_Joint_Declaration,Also known formally as the Joint Declaration of the Government of the United Kingdom of Great Britain and Northern Ireland and the Government of the People's Republic of China on the Question of Hong Kong,The United Kingdom relinquishes Hong Kong to the People's Republic of China,Sino-British Joint Declaration,Sino-British Joint Declaration
1984,Nkomati Accord,https://en.wikipedia.org/wiki/Nkomati_Accord,,Nonagression treaty between Mozambique and the Republic of South Africa,,Nkomati Accord
1984,Oujda Treaty,https://en.wikipedia.org/wiki/Oujda_Treaty,,Morocco and Libya establish the Arabic–African Union,,Oujda Treaty
1984,Treaty of Peace and Friendship of 1984 between Chile and Argentina,https://en.wikipedia.org/wiki/Treaty_of_Peace_and_Friendship_of_1984_between_Chile_and_Argentina,,"Resolves disputes between Argentina and Chile over the possession of the Picton, Lennox and Nueva islands",,Treaty of Peace and Friendship between Chile and Argentina
1985,Plaza Accord,https://en.wikipedia.org/wiki/Plaza_Accord,,The Group of Five agree to devalue the US dollar in relation to the Japanese yen and German Deutsche Mark by intervening in currency markets,,Plaza Accord
1985,Schengen Agreement,https://en.wikipedia.org/wiki/Schengen_Agreement,,Establishes for the European Community a border system and a common policy on the temporary entry of persons,,Schengen Agreement
1985,1985 Helsinki Protocol on the Reduction of Sulphur Emissions,https://en.wikipedia.org/wiki/1985_Helsinki_Protocol_on_the_Reduction_of_Sulphur_Emissions,Also known as the Protocol to the 1979 Convention on Long-Range Transboundary Air Pollution on the Reduction of Sulphur Emissions or Their Transboundary Fluxes by at Least 30%,Provides for a 30% reduction in sulphur emissions and their transboundary fluxes by 1993; came into effect in 1987,Protocol to the 1979 Convention on Long-Range Transboundary Air Pollution on the Reduction of Sulphur Emissions or Their Transboundary Fluxes by at Least 30%,Helsinki Protocol on the Reduction of Sulphur Emissions
1985,Treaty of Rarotonga,https://en.wikipedia.org/wiki/Treaty_of_Rarotonga,Also known as the South Pacific Nuclear Free Zone Treaty,Formalizes a nuclear-weapon-free zone in the South Pacific,South Pacific Nuclear Free Zone Treaty,Treaty of Rarotonga
1986,China–Australia Migratory Bird Agreement,https://en.wikipedia.org/wiki/China%E2%80%93Australia_Migratory_Bird_Agreement,,Treaty between Australia and China to minimise harm to major areas used by birds that migrate between the two countries; came into force in 1988,,China–Australia Migratory Bird Agreement
1986,Convention on Early Notification of a Nuclear Accident,https://en.wikipedia.org/wiki/Convention_on_Early_Notification_of_a_Nuclear_Accident,,"In the wake of the Chernobyl disaster , states agree to promptly notify each other and the IAEA of nuclear accidents that occur",,Convention on Early Notification of a Nuclear Accident
1987,Intermediate-Range Nuclear Forces Treaty,https://en.wikipedia.org/wiki/Intermediate-Range_Nuclear_Forces_Treaty,,"Eliminates nuclear and conventional ground-launched ballistic and cruise missiles with ranges of 500 to 5,500 kilometers (310 to 3,420 miles); ratified and came into force in 1988",,Intermediate-Range Nuclear Forces Treaty
1987,Joint Declaration on the Question of Macau,https://en.wikipedia.org/wiki/Joint_Declaration_on_the_Question_of_Macau,Also known formally as the Joint Declaration of the Government of the People's Republic of China and the Government of the Republic of Portugal on the question of Macao,Portugal relinquishes Macau to the People's Republic of China,Sino-Portuguese Joint Declaration,Joint Declaration on the Question of Macau
1988,Nitrogen Oxide Protocol,https://en.wikipedia.org/wiki/Nitrogen_Oxide_Protocol,Also known as the Protocol to the 1979 Convention on Long-Range Transboundary Air Pollution Concerning the Control of Emissions of Nitrogen Oxides or Their Transboundary Fluxes,Provides for the control or reduction of nitrogen oxides and their transboundary fluxes; came into effect in 1991,Protocol to the 1979 Convention on Long-Range Transboundary Air Pollution Concerning the Control of Emissions of Nitrogen Oxides or Their Transboundary Fluxes,Nitrogen Oxide Protocol
1988,United Nations Convention Against Illicit Traffic in Narcotic Drugs and Psychotropic Substances,https://en.wikipedia.org/wiki/United_Nations_Convention_Against_Illicit_Traffic_in_Narcotic_Drugs_and_Psychotropic_Substances,,Enforcing the 1961 Single Convention on Narcotic Drugs and the 1971 Convention on Psychotropic Substances,,United Nations Convention Against Illicit Traffic in Narcotic Drugs and Psychotropic Substances
1988,Convention for the Suppression of Unlawful Acts against the Safety of Maritime Navigation,https://en.wikipedia.org/wiki/Convention_for_the_Suppression_of_Unlawful_Acts_against_the_Safety_of_Maritime_Navigation,,Criminalises hijacking and other dangerous acts on ships,,Convention for the Suppression of Unlawful Acts against the Safety of Maritime Navigation
1988,Protocol for the Suppression of Unlawful Acts of Violence at Airports serving International Civil Aviation,https://en.wikipedia.org/wiki/Convention_for_the_Suppression_of_Unlawful_Acts_against_the_Safety_of_Civil_Aviation#Protocol,,"Protocol to the Convention for the Suppression of Unlawful Acts against the Safety of Civil Aviation , criminalises dangerous or violent acts in airports",,Protocol for the Suppression of Unlawful Acts of Violence at Airports serving International Civil Aviation
1989,Montreal Protocol,https://en.wikipedia.org/wiki/Montreal_Protocol,Also known as the Montreal Protocol on Substances that Deplete the Ozone Layer,Attempts to protect the ozone layer by phasing out the production of a number of substances believed to be responsible for ozone depletion,Montreal Protocol on Substances that Deplete the Ozone Layer,Montreal Protocol
1989,Treaty on Conventional Armed Forces in Europe,https://en.wikipedia.org/wiki/Treaty_on_Conventional_Armed_Forces_in_Europe,"Also known, in its abbreviated form, as the CFE",Establishes limits on key categories of conventional military equipment in Europe and mandates the destruction of excess weaponry,CFE,Treaty on Conventional Armed Forces in Europe
1989,Timor Gap Treaty,https://en.wikipedia.org/wiki/Timor_Gap_Treaty,,Between the governments of Australia and Indonesia ; rewritten in 2001,,Timor Gap Treaty
1989,Wellington Convention,https://en.wikipedia.org/wiki/Wellington_Convention,,Prohibits the use of fishing driftnets in the South Pacific that are longer than 2.5 metres,,Wellington Convention
1989,Washington Treaty,,,"Adopted in Washington on May 26, 1989",,Washington Treaty
1990,Malaysia–Singapore Points of Agreement of 1990,https://en.wikipedia.org/wiki/Malaysia%E2%80%93Singapore_Points_of_Agreement_of_1990,,Treaty regarding the future of railway land owned by the Malaysian government through Malayan Railways in Singapore,,Malaysia–Singapore Points of Agreement
1990,1990 Chemical Weapons Accord,https://en.wikipedia.org/wiki/1990_Chemical_Weapons_Accord,,"On June 1, 1990, Presidents George H. W. Bush and Mikhail Gorbachev sign the bilateral U.S.-Soviet Chemical Weapons Accord",,Chemical Weapons Accord
1990,Treaty on the Final Settlement with Respect to Germany,https://en.wikipedia.org/wiki/Treaty_on_the_Final_Settlement_with_Respect_to_Germany,,The Four Powers renounce all rights they formerly held in Germany and Germany renounces all claims to territories east of the Oder–Neisse line,,Treaty on the Final Settlement with Respect to Germany
1991,Brioni Agreement,https://en.wikipedia.org/wiki/Brioni_Agreement,,Ends ten-day war in Slovenia,,Brioni Agreement
1991,Abuja Treaty,https://en.wikipedia.org/wiki/Abuja_Treaty,,International agreement that creates the African Economic Community,,Abuja Treaty
1991,Treaty of Asunción,https://en.wikipedia.org/wiki/Treaty_of_Asunci%C3%B3n,,"International treaty signed between Argentina , Brazil, Uruguay and Paraguay , served as the basis for the establishment of the Mercosur trade bloc",,Treaty of Asunción
1991,Belavezha Accords,https://en.wikipedia.org/wiki/Belavezha_Accords,,Agreement which declared the Soviet Union effectively dissolved and established the Commonwealth of Independent States in its place,,Belavezha Accords
1992,Maastricht Treaty,https://en.wikipedia.org/wiki/Maastricht_Treaty,Also known formally as the Treaty on European Union,Establishes the European Union,Treaty on European Union,Maastricht Treaty
1992,United Nations Framework Convention on Climate Change,https://en.wikipedia.org/wiki/United_Nations_Framework_Convention_on_Climate_Change,"Also known, in its abbreviated forms, as the UNFCCC or the FCCC",Attempts to reduce emissions of greenhouse gasses in order to combat global warming,UNFCCC; FCCC,United Nations Framework Convention on Climate Change
1992,Convention on Biological Diversity (CBD),https://en.wikipedia.org/wiki/Convention_on_Biological_Diversity,,"Conservation of biological diversity (or biodiversity), sustainable use of its components, and a fair and equitable sharing of benefits arising from genetic resources",,Convention on Biological Diversity
1992,Treaty on Open Skies,https://en.wikipedia.org/wiki/Treaty_on_Open_Skies,,Establishes an international program of unarmed aerial surveillance flights over all participants' territories,,Treaty on Open Skies
1992,CIS Collective Security Treaty,https://en.wikipedia.org/wiki/Collective_Security_Treaty_Organization,,"Armenia , Kazakhstan , Kyrgyzstan , Russia, Tajikistan and Uzbekistan establish framework for the Commonwealth of Independent States",,CIS Collective Security Treaty
1992,Sochi agreement,https://en.wikipedia.org/wiki/Sochi_agreement,,"Georgian and South Ossetian forces signed a ceasefire to halt the contemporaneously recognized ""civil war.""",,Sochi agreement
1993,Oslo I Accord,https://en.wikipedia.org/wiki/Oslo_I_Accord,Also known as the Declaration of Principles on Interim Self-Government Arrangements or the Declaration of Principles (DOP),Between the Israeli government and the Palestine Liberation Organization,Declaration of Principles on Interim Self-Government Arrangements; Declaration of Principles,Oslo I Accord
1993,Chemical Weapons Convention,https://en.wikipedia.org/wiki/Chemical_Weapons_Convention,"Also known formally as the Convention on the Prohibition of the Development, Production, Stockpiling and Use of Chemical Weapons and on their Destruction","Outlaws the production, stockpiling and use of chemical weapons","Convention on the Prohibition of the Development, Production, Stockpiling and Use of Chemical Weapons and on their Destruction",Chemical Weapons Convention
1994,Israel–Jordan peace treaty,https://en.wikipedia.org/wiki/Israel%E2%80%93Jordan_peace_treaty,Also known formally as the Treaty of Peace Between the State of Israel and the Hashemite Kingdom of Jordan,Normalizes relations between Israel and Jordan and resolves territorial disputes between them,Treaty of Peace Between the State of Israel and the Hashemite Kingdom of Jordan,Israel–Jordan peace treaty
1994,North American Free Trade Agreement (NAFTA),https://en.wikipedia.org/wiki/North_American_Free_Trade_Agreement,,"Free trade agreement between Canada, the United States of America, and Mexico",,North American Free Trade Agreement
1994,Kremlin accords,https://en.wikipedia.org/wiki/Kremlin_accords,,Stops the preprogrammed aiming of nuclear missiles at targets in any nation and provides for the dismantling of Russian nuclear weapons in Ukraine,,Kremlin accords
1994,Bishkek Protocol,https://en.wikipedia.org/wiki/Bishkek_Protocol,,Provisional ceasefire agreement between Armenia and Azerbaijan,,Bishkek Protocol
1994,United Nations Convention on the Law of the Sea,https://en.wikipedia.org/wiki/United_Nations_Convention_on_the_Law_of_the_Sea,"Also known, in its abbreviated form, as the UNCLOS",Provides universal legal controls for the management of marine natural resources and the control of pollution,UNCLOS,United Nations Convention on the Law of the Sea
1994,United Nations Convention to Combat Desertification,https://en.wikipedia.org/wiki/United_Nations_Convention_to_Combat_Desertification,"Also known as the United Nations Convention to Combat Desertification in Those Countries Experiencing Serious Drought and/or Desertification, Particularly in Africa",Agreement to combat desertification and to mitigate the effects of drought ; came into force in 1996,"United Nations Convention to Combat Desertification in Those Countries Experiencing Serious Drought and/or Desertification, Particularly in Africa",United Nations Convention to Combat Desertification
1994,Convention on Nuclear Safety,https://en.wikipedia.org/wiki/Convention_on_Nuclear_Safety,,States agree to general safety rules regarding civilian nuclear power plants and programmes,,Convention on Nuclear Safety
1994,Budapest Memorandum on Security Assurances,https://en.wikipedia.org/wiki/Budapest_Memorandum_on_Security_Assurances,,"Provides security guarantee to Ukraine, Kazakhstan and Belarus from US, UK and Russia",,Budapest Memorandum on Security Assurances
1994,Agreement on a Cease-fire and Separation of Forces,https://en.wikipedia.org/wiki/Agreement_on_a_Cease-fire_and_Separation_of_Forces,,Georgia and Abkhaz separatists sign a ceasefire agreement which provides for the deployment of UN-mandated CIS peacekeeping force to the conflict region,,Agreement on a Cease-fire and Separation of Forces
1994,Trademark Law Treaty,https://en.wikipedia.org/wiki/Trademark_Law_Treaty,,"Adopted in Geneva on October 27, 1994",,Trademark Law Treaty
1995,Erdut Agreement,https://en.wikipedia.org/wiki/Erdut_Agreement,"Also known as the Basic Agreement on the Region of Eastern Slavonia, Baranja and Western Sirmium",Peaceful resolution of the conflict in Eastern Slavonia,"Basic Agreement on the Region of Eastern Slavonia, Baranja and Western Sirmium",Erdut Agreement
1995,Dayton Agreement,https://en.wikipedia.org/wiki/Dayton_Agreement,"Also known as the Dayton Accords , the Dayton-Paris Agreement and the General Framework Agreement for Peace in Bosnia and Herzegovina",Ends Bosnian War,Dayton Accords; Dayton-Paris Agreement; General Framework Agreement for Peace in Bosnia and Herzegovina,Dayton Agreement
1995,General Agreement on Trade in Services (GATT),https://en.wikipedia.org/wiki/General_Agreement_on_Trade_in_Services,"Also known, in its abbreviated form, as the GATS",Extends the multilateral trading system to provide services (i.e. tertiary sector of industry ),General Agreement on Trade in Services,General Agreement on Trade in Services
1996,Comprehensive Nuclear-Test-Ban Treaty,https://en.wikipedia.org/wiki/Comprehensive_Nuclear-Test-Ban_Treaty,"Also known, in its abbreviated form, as the CTBT",Forbids all nuclear explosions in all environments for military or civilian purposes,CTBT,Comprehensive Nuclear-Test-Ban Treaty
1996,Khasavyurt Accord,https://en.wikipedia.org/wiki/Khasavyurt_Accord,,Ceasefire agreement that ends the First Chechen War,,Khasavyurt Accord
1996,WIPO Copyright Treaty,https://en.wikipedia.org/wiki/WIPO_Copyright_Treaty,Also known as the World Intellectual Property Organization Copyright Treaty,Provides additional protections for copyright deemed necessary due to advances in information technology,World Intellectual Property Organization Copyright Treaty,WIPO Copyright Treaty
1996,WIPO Performances and Phonograms Treaty,https://en.wikipedia.org/wiki/WIPO_Performances_and_Phonograms_Treaty,"Also known, in its abbreviated form, as the WPPT",Establishes rights and privileges for performers and producers of audio-visual works,WPPT,WIPO Performances and Phonograms Treaty
1996,Mahakali treaty,https://en.wikipedia.org/wiki/Mahakali_treaty,Also known as Sarada Treaty,Agreement between the Government of Nepal and the Government of India regarding the development of watershed of Mahakali River,Sarada Treaty,Mahakali treaty
1997,Amsterdam Treaty,https://en.wikipedia.org/wiki/Amsterdam_Treaty,"Also known as the Treaty of Amsterdam amending the Treaty of the European Union, the Treaties establishing the European Communities and certain related acts","Substantially revises the Maastricht Treaty ; came into effect on May 1, 1999",Treaty of Amsterdam,Amsterdam Treaty
1997,Ottawa Treaty,https://en.wikipedia.org/wiki/Ottawa_Treaty,"Also known as the Mine Ban Treaty and the Convention on the Prohibition of the Use, Stockpiling, Production and Transfer of Anti-Personnel Mines and on their Destruction",Bans all anti-personnel landmines (AP-mines),"Mine Ban Treaty; Convention on the Prohibition of the Use, Stockpiling, Production and Transfer of Anti-Personnel Mines and on their Destruction",Ottawa Treaty
1997,Chemical Weapons Convention,https://en.wikipedia.org/wiki/Chemical_Weapons_Convention,"Also known as the Convention on the Prohibition of the Development, Production, Stockpiling and Use of Chemical Weapons and on their Destruction","Outlaws the production, stockpiling and use of chemical weapons",Chemical Weapons Convention,Chemical Weapons Convention
1997,Kyoto Protocol,https://en.wikipedia.org/wiki/Kyoto_Protocol,Also known formally as the Kyoto Protocol to the United Nations Framework Convention on Climate Change,"Mandates the reduction of greenhouse-gas emissions ; negotiated in 1997, ratified in 2004, and went into effect in 2005",Kyoto Protocol,Kyoto Protocol
1997,Russian–Ukrainian Friendship Treaty,https://en.wikipedia.org/wiki/Russian%E2%80%93Ukrainian_Friendship_Treaty,"Also known formally as the Treaty on Friendship, Cooperation, and Partnership between Ukraine and the Russian Federation","Fixes the principle of strategic partnership, the recognition of the inviolability of existing borders, respect for territorial integrity and mutual commitment not to use its territory to harm the security of each other. Ratified in 1998 by Ukraine and in 1999 by Russia","Treaty on Friendship, Cooperation, and Partnership between Ukraine and the Russian Federation",Russian–Ukrainian Friendship Treaty
1997,Russia–Chechnya Peace Treaty,https://en.wikipedia.org/wiki/Russia%E2%80%93Chechnya_Peace_Treaty,,"Russia and Chechen republic of Ichkeria sign a peace treaty following the First Chechen War , but the issue of independence remains unresolved and leads to the Second Chechen War",,Russia–Chechnya Peace Treaty
1998,Good Friday Agreement,https://en.wikipedia.org/wiki/Good_Friday_Agreement,Also known as the Belfast Agreement and rarely known as the Stormont Agreement,Major political development in the Northern Ireland peace process,Belfast Agreement; Stormont Agreement,Good Friday Agreement
1998,POP Air Pollution Protocol,https://en.wikipedia.org/wiki/POP_Air_Pollution_Protocol,Also known as the Protocol to the 1979 Convention on Long-Range Transboundary Air Pollution on Persistent Organic Pollutants,Agreement to provide for the control and reduction of emissions of persistent organic pollutants ; has not yet come into effect,Protocol to the 1979 Convention on Long-Range Transboundary Air Pollution on Persistent Organic Pollutants,POP Air Pollution Protocol
1998,Rome Statute of the International Criminal Court,https://en.wikipedia.org/wiki/Rome_Statute_of_the_International_Criminal_Court,Also known as the Rome Statute,Establishes the International Criminal Court,Rome Statute,Rome Statute of the International Criminal Court
1999,Adapted Conventional Armed Forces in Europe Treaty,https://en.wikipedia.org/wiki/Adapted_Conventional_Armed_Forces_in_Europe_Treaty,,Replaces ceilings given to NATO and the Warsaw Pact with territorial ones,,Adapted Conventional Armed Forces in Europe Treaty
1999,East African Community Treaty,https://en.wikipedia.org/wiki/East_African_Community_Treaty,,"Establishes the East African Community between Uganda , Kenya and the Republic of Tanzania ; went into effect on July 7, 2000",,East African Community Treaty
1999,Kumanovo Agreement,https://en.wikipedia.org/wiki/Kumanovo_Agreement,,"Concluded the Kosovo War ; went into effect on June 9, 1999",,Kumanovo Agreement
1999,Narrative Protocol on Eastern and Western Sections of the China–Russia Boundary between the Government of the People's Republic of China and the Government of the Russian Federation,,,"China's Jiang Zemin and Russia's president, Boris Yeltsin , signed in Beijing on Dec 9th, 1999. The treaty formally recognized 1.6 million square kilometers of land occupied by Russia belongs to Russia, and gave Russia the exit point of the Tumen River , cutting off northeast China from the Sea of Japan",,Narrative Protocol on Eastern and Western Sections of the China–Russia Boundary between the Government of the People's Republic of China and the Government of the Russian Federation
1999,Treaty Between the United States of America and Ukraine on Mutual Legal Assistance in Criminal Matters,,,"Establishes an agreement to provide mutual assistance in connection with the investigation, prosecution and prevention of offenses, and in proceedings related to criminal matters",,Treaty Between the United States of America and Ukraine on Mutual Legal Assistance in Criminal Matters
2000,Cotonou Agreement,https://en.wikipedia.org/wiki/Cotonou_Agreement,,Attempts to reduce poverty and integrate the ACP countries into the world economy; came into force in 2002,,Cotonou Agreement
2000,Patent Law Treaty,https://en.wikipedia.org/wiki/Patent_Law_Treaty,"Also known, in its abbreviated form, as the PLT","Harmonizes formal procedures such as the requirements to obtain a filing date for a patent application, the form and content of a patent application, and representation",PLT,Patent Law Treaty
2000,Treaty of Jeddah (2000),https://en.wikipedia.org/wiki/Treaty_of_Jeddah_(2000),,Resolves a border dispute between Saudi Arabia and Yemen that dates backs to Saudi boundary claims made in 1934,,Treaty of Jeddah
2000,Algiers Agreement (2000),https://en.wikipedia.org/wiki/Algiers_Agreement_(2000),,A peace agreement between Eritrea and Ethiopia to formally end the Eritrean–Ethiopian War,,Algiers Agreement
2001,Agreement on the Conservation of Albatrosses and Petrels,https://en.wikipedia.org/wiki/Agreement_on_the_Conservation_of_Albatrosses_and_Petrels,,"Attempts to prevent the decline of seabird populations in the southern hemisphere, particularly albatrosses and procellariidae",,Agreement on the Conservation of Albatrosses and Petrels
2001,Treaty of Nice,https://en.wikipedia.org/wiki/Treaty_of_Nice,,Amends two founding treaties of the European Union,,Treaty of Nice
2001,Ohrid Agreement,https://en.wikipedia.org/wiki/Ohrid_Agreement,,Ends the armed conflict between the Albanian National Liberation Army and Macedonia (now called North Macedonia),,Ohrid Agreement
2001,2001 Sino-Russian Treaty of Friendship,https://en.wikipedia.org/wiki/2001_Sino-Russian_Treaty_of_Friendship,,Twenty-year strategic treaty between Russia and the People's Republic of China,,Sino-Russian Treaty of Friendship
2001,Budapest Convention on Cybercrime,https://en.wikipedia.org/wiki/Budapest_Convention_on_Cybercrime,,Prohibits the use of computers or networks as tools for criminal activity,,Budapest Convention on Cybercrime
2002,Timor Sea Treaty,https://en.wikipedia.org/wiki/Timor_Sea_Treaty,,Between the governments of Australia and East Timor,,Timor Sea Treaty
2002,Strategic Offensive Reductions Treaty,https://en.wikipedia.org/wiki/Strategic_Offensive_Reductions_Treaty,Also known as the Moscow Treaty and SORT,Limits the nuclear arsenals of Russia and the United States,Moscow Treaty; SORT,Strategic Offensive Reductions Treaty
2002,Pretoria Accord,https://en.wikipedia.org/wiki/Pretoria_Accord,,Rwandan troops withdraw from the Democratic Republic of the Congo in exchange for international commitment towards the disarmament of the interahamwe and the ex-FAR fighters,,Pretoria Accord
2002,Gbadolite Agreement,https://en.wikipedia.org/wiki/Gbadolite_Agreement,,Attempts to cease hostilities between the warring factions in the Second Congo War ; treaty has limited effect,,Gbadolite Agreement
2002,ASEAN Agreement on Transboundary Haze Pollution,https://en.wikipedia.org/wiki/ASEAN_Agreement_on_Transboundary_Haze_Pollution,,Between ASEAN nations to bring haze pollution under control in Southeast Asia,,ASEAN Agreement on Transboundary Haze Pollution
2003,ASEAN Free Trade Area,https://en.wikipedia.org/wiki/ASEAN_Free_Trade_Area,"Also known, in its abbreviated form, as AFTA","Agreement by the Association of Southeast Asian Nations , of local manufacturing in all ASEAN countries",AFTA,ASEAN Free Trade Area
2003,Treaty of Accession 2003,https://en.wikipedia.org/wiki/Treaty_of_Accession_2003,,"Integrates ten nations into the European Union; came into force on May 1, 2004",,Treaty of Accession
2003,Accra Comprehensive Peace Agreement,https://en.wikipedia.org/wiki/Accra_Comprehensive_Peace_Agreement,,"Ended the Second Liberian Civil War on August 18, 2003",,Accra Comprehensive Peace Agreement
2003,WHO Framework Convention on Tobacco Control,https://en.wikipedia.org/wiki/WHO_Framework_Convention_on_Tobacco_Control,"Also known, in abbreviated form, as FCTC","First public health treaty of the world; came into force on February 27, 2005. Its purpose is to ""protect present and future generations from the devastating health, social, environmental and economic consequences of tobacco consumption and exposure to tobacco smoke.""",FCTC,WHO Framework Convention on Tobacco Control
2004,International Treaty on Plant Genetic Resources for Food and Agriculture,https://en.wikipedia.org/wiki/International_Treaty_on_Plant_Genetic_Resources_for_Food_and_Agriculture,Also known as the International Seed Treaty,"Assures farmers' facilitated access to seeds of the world's food security crops; came into force on June 29, 2004",International Seed Treaty,International Treaty on Plant Genetic Resources for Food and Agriculture
2005,Comprehensive Peace Agreement,https://en.wikipedia.org/wiki/Comprehensive_Peace_Agreement,Also known as the Naivasha Agreement,"Ended the Second Sudanese Civil War between the Government of Sudan and the Sudan People's Liberation Army ; creates the Government of National Unity. Signed on January 9, 2005, and scheduled for full implementation by July 9, 2011",Naivasha Agreement,Comprehensive Peace Agreement
2005,Energy Community Treaty,https://en.wikipedia.org/wiki/Energy_Community_Treaty,,Establishes the Energy Community,,Energy Community Treaty
2005,Treaty of Accession 2005,https://en.wikipedia.org/wiki/Treaty_of_Accession_2005,,"Integrates two nations (Bulgaria and Romania) into the European Union; came into force on January 1, 2007",,Treaty of Accession
2006,Tripoli Agreement,https://en.wikipedia.org/wiki/Tripoli_Agreement,Also known as the Libya Accord or the Tripoli Declaration,Ends Chadian–Sudanese conflict .GRATK Treaty milestones,Libya Accord; Tripoli Declaration,Tripoli Agreement
2006,Singapore Treaty on the Law of Trademarks,https://en.wikipedia.org/wiki/Singapore_Treaty_on_the_Law_of_Trademarks,,"Adopted in Singapore, on March 27, 2006",,Singapore Treaty on the Law of Trademarks
2006,Waziristan Accord,https://en.wikipedia.org/wiki/Waziristan_Accord,Also known as the North Waziristan Accord,Ends Waziristan War,North Waziristan Accord,Waziristan Accord
2006,St Andrews Agreement,https://en.wikipedia.org/wiki/St_Andrews_Agreement,,"Resolves outstanding grievances in the Northern Ireland peace process, enabling devolved power-sharing government to resume",,St Andrews Agreement
2007,Treaty of Lisbon,https://en.wikipedia.org/wiki/Treaty_of_Lisbon,,Reforming the European Union,,Treaty of Lisbon
2007,ASEAN Charter,https://en.wikipedia.org/wiki/ASEAN_Charter,,New constitution making the Association of Southeast Asian Nations a legal entity,,ASEAN Charter
2008,UNASUR Constitutive Treaty,https://en.wikipedia.org/wiki/UNASUR_Constitutive_Treaty,"Constitutive Treaty of the Union of South American Nations Archived 2008-12-06 at the Wayback Machine Ministry of External Relations . Accessed on May 25, 2008",Treaty establishing the Union of South American Nations,Constitutive Treaty of the Union of South American Nations,UNASUR Constitutive Treaty
2010,Barents Sea border treaty,https://en.wikipedia.org/wiki/Barents_Sea,,Treaty signed 15 September in Murmansk between the Government of the Russian Federation and the Government of the Kingdom of Norway. This treaty ends decades of negotiations over the maritime border in the Barents Sea,,Barents Sea border treaty
2010,Nagoya Protocol,https://en.wikipedia.org/wiki/Nagoya_Protocol,,"Implementation of one of the three objectives of the Convention on Biological Diversity (1992): fair and equitable sharing of benefits arising out of the utilization of genetic resources, thereby contributing to the conservation and sustainable use of biodiversity",,Nagoya Protocol
2010,Global Plan of Action to Combat Trafficking in Persons,https://en.wikipedia.org/wiki/Global_Plan_of_Action_to_Combat_Trafficking_in_Persons,,A human trafficking action plan adopted by the United Nations,,Global Plan of Action to Combat Trafficking in Persons
2011,Arctic Search and Rescue Agreement,https://en.wikipedia.org/wiki/Arctic_Search_and_Rescue_Agreement,,Treaty among the 8 member states of the Arctic Council signed 12 May 2011. It coordinates international search and rescue (SAR) coverage and response in the Arctic,,Arctic Search and Rescue Agreement
2011,Treaty of Accession 2011,https://en.wikipedia.org/wiki/Treaty_of_Accession_2011,,"Integrates Croatia into the European Union; came into force on July 1, 2013",,Treaty of Accession
2012,Framework Agreement on the Bangsamoro,https://en.wikipedia.org/wiki/Framework_Agreement_on_the_Bangsamoro,,"Treaty between the Philippine government and the Islamic liberation group, Moro Islamic Liberation Front . The treaty seeks to create a new autonomous political entity named Bangsamoro to replace the Autonomous Region in Muslim Mindanao",,Framework Agreement on the Bangsamoro
2012,Beijing Treaty on Audiovisual Performances,https://en.wikipedia.org/wiki/Beijing_Treaty_on_Audiovisual_Performances,,"The Beijing Treaty on Audiovisual Performances was adopted on June 24, 2012, and entered into force on April 28, 2020. It deals with the intellectual property rights of performers in audiovisual performances",,Beijing Treaty on Audiovisual Performances
2013,Intergovernmental Agreement on Dry Ports,https://en.wikipedia.org/wiki/Intergovernmental_Agreement_on_Dry_Ports,,Treaty among the members of the member states of the United Nations Economic and Social Commission for Asia and the Pacific to facilitate cooperation in the development of a network of dry ports in Asia,,Intergovernmental Agreement on Dry Ports
2013,Marrakesh VIP Treaty,https://en.wikipedia.org/wiki/Marrakesh_VIP_Treaty,,"Adopted on June 27, 2013 in Marrakesh . It forms part of the body of international copyright treaties administered by World Intellectual Property Organization (WIPO)",,Marrakesh VIP Treaty
2014,Convention on the Manipulation of Sports Competitions,https://en.wikipedia.org/wiki/Convention_on_the_Manipulation_of_Sports_Competitions,,Council of Europe treaty to combat match fixing in sports,,Convention on the Manipulation of Sports Competitions
2014,Treaty on the Accession of Crimea to Russia,https://en.wikipedia.org/wiki/Treaty_on_the_Accession_of_Crimea_to_Russia,,Treaty signed between Russia and the self-declared independent Republic of Crimea which is only recognised by a small number of countries,,Treaty on the Accession of Crimea to Russia
2015,Paris Agreement,https://en.wikipedia.org/wiki/Paris_Agreement,,Agreement dealing with greenhouse-gas emissions mitigation,,Paris Agreement
2015,Geneva Act of the Lisbon Agreement on Appellations of Origin and Geographical Indications,https://en.wikipedia.org/wiki/Geneva_Act_of_the_Lisbon_Agreement_on_Appellations_of_Origin_and_Geographical_Indications,,Treaty extending protections of the Lisbon Agreement (1958) to Geographical Indications,,Geneva Act of the Lisbon Agreement on Appellations of Origin and Geographical Indications
2017,Treaty on the Prohibition of Nuclear Weapons,https://en.wikipedia.org/wiki/Treaty_on_the_Prohibition_of_Nuclear_Weapons,,"The first legally binding international agreement to comprehensively prohibit nuclear weapons , with the goal of leading towards their total elimination",,Treaty on the Prohibition of Nuclear Weapons
2018,Prespa agreement,https://en.wikipedia.org/wiki/Prespa_agreement,,The final agreement between Greece and the then- Republic of Macedonia for the name of the second,,Prespa Agreement
