year,name,url,note,summary
1600,Treaty of Paris (1600),,,"Between Henry IV of France and Charles Emmanuel I, Duke of Savoy"
1601,Treaty of Lyon (1601),https://en.wikipedia.org/wiki/Treaty_of_Lyon_(1601),,"Henry IV of France acquires Bugey , Valromey, Gex , and Bresse"
1603,"Treaty of Mellifont,(1603)",,,"Ends hostilities between England and Gaelic Irish , chieftains, ending the Nine Years' War"
1604,"Treaty of London, 1604","https://en.wikipedia.org/wiki/Treaty_of_London,_1604",,Ends hostilities between England and Spain
1606,Peace of Žitava,https://en.wikipedia.org/wiki/Peace_of_%C5%BDitava,Also known as the Peace of Zsitvatorok,Ends the Long War between the Ottoman Turkey and the Habsburg monarchy
1606,Treaty of Vienna (1606),https://en.wikipedia.org/wiki/Treaty_of_Vienna_(1606),Also known as the Peace of Vienna,Restores all constitutional and religious rights/privileges to the Hungarians in both Transylvania and Royal Hungary
1608,Treaty of Lieben,https://en.wikipedia.org/wiki/Treaty_of_Lieben,,"Holy Roman Emperor Rudolf II surrenders Hungary, Austrian territories near the Danube River , and Moravia to his brother Matthias"
1609,Treaty of Antwerp (1609),https://en.wikipedia.org/wiki/Treaty_of_Antwerp_(1609),Also known as the Twelve Years Truce,Spain and the Netherlands agree to a 12-year truce
1610,Treaty of Brussol,https://en.wikipedia.org/wiki/Treaty_of_Brussol,Also known as the Treaty of Bruzolo,Establishes a military alliance between Charles Emmanuel I and Henry IV of France against the Spanish in Italy
1612,Treaty of Nasuh Pasha,https://en.wikipedia.org/wiki/Treaty_of_Nasuh_Pasha,,Treaty between Ottoman Turkey and Safavid Persia Revision of 1590 treaty. Persia regained some of its loses in 1590
1613,Treaty of Knäred,https://en.wikipedia.org/wiki/Treaty_of_Kn%C3%A4red,,Ends the Kalmar War between Denmark and Sweden
1613,Two Row Wampum Treaty,https://en.wikipedia.org/wiki/Two_Row_Wampum_Treaty,Also known as Guswhenta or Kaswhenta,Treaty between the Iroquois and representatives of the Dutch government
1614,Treaty of Xanten,https://en.wikipedia.org/wiki/Treaty_of_Xanten,,Ends the War of the Jülich Succession
1615,Peace of Asti,https://en.wikipedia.org/wiki/Peace_of_Asti,,Duke Charles Emmanuel I of Savoy relinquishes claims on Monferrato
1615,Peace of Tyrnau,https://en.wikipedia.org/wiki/Peace_of_Tyrnau,,Recognizes Gábor Bethlen as the Prince of Transylvania
1615,Treaty of Serav,https://en.wikipedia.org/wiki/Treaty_of_Serav,,Ratifies the treaty of 1612 between Ottoman Turkey and Safavid Persia
1616,Treaty of Loudun,https://en.wikipedia.org/wiki/Treaty_of_Loudun,,"Ends hostilities between Queen Marie de' Medici and rebellious French princes led by Henry II , the third Prince of Condé"
1617,Treaty of Pavia,https://en.wikipedia.org/wiki/Treaty_of_Pavia,,Savoy cedes Monferrato to Mantua
1617,Treaty of Stolbovo,https://en.wikipedia.org/wiki/Treaty_of_Stolbovo,,Ends the Ingrian War between Sweden and Russia
1617,Peace of Busza,https://en.wikipedia.org/wiki/Peace_of_Busza,,Peace between Ottoman Turkey and Polish-Lithuanian Commonwealth
1618,Truce of Deulino,https://en.wikipedia.org/wiki/Truce_of_Deulino,Also known as the Treaty of Dywilino,Ends the Polish–Russian War (1609–1618) ; expires in 1632
1619,Treaty of Angoulême,https://en.wikipedia.org/wiki/Treaty_of_Angoul%C3%AAme,,"Ends civil war in France between supporters of Queen Marie de' Medici and her son, King Louis XIII"
1619,Treaty of Munich (1619),https://en.wikipedia.org/wiki/Treaty_of_Munich_(1619),,Duke Maximilian of Bavaria allows Holy Roman Emperor Ferdinand II to use his forces in exchange for territories in the Electorate of the Palatinate
1620,Treaty of Ulm (1620),https://en.wikipedia.org/wiki/Treaty_of_Ulm_(1620),,The Protestant Union ceases its support of Frederick V of Bohemia
1621,Peace of Nikolsburg,https://en.wikipedia.org/wiki/Peace_of_Nikolsburg,Also known as the Peace of Mikulov,Ends the war between Prince Gabriel Bethlen of Transylvania and Emperor Ferdinand II of the Holy Roman Empire
1621,Treaty of Madrid (1621),https://en.wikipedia.org/wiki/Treaty_of_Madrid_(1621),,Restores Valtelline to the Grisons and grants Protestants in the region religious freedoms
1621,Treaty of Khotyn,https://en.wikipedia.org/wiki/Treaty_of_Khotyn,,Between Ottoman Turkey and Polish–Lithuanian Commonwealth
1621,Treaty of the Hague (1621),,,A failed treaty of alliance between Denmark and the Dutch Republic
1621,Treaty of Bremen,,,A failed treaty of commerce between Denmark and the Dutch Republic
1622,Treaty of Montpellier,https://en.wikipedia.org/wiki/Treaty_of_Montpellier,Also known as the Peace of Montpellier,Between King Louis XIII and Duke Henry II of Rohan ; confirms the Edict of Nantes
1623,Treaty of Paris (1623),https://en.wikipedia.org/wiki/Treaty_of_Paris_(1623),,"France, Savoy , and Venice agree to have Spanish forces leave Valtelline"
1625,Treaty of The Hague (1625),https://en.wikipedia.org/wiki/Treaty_of_The_Hague_(1625),,England and the Netherlands agree to economically support Christian IV of Denmark during the Thirty Years' War
1626,Peace of Pressburg (1626),https://en.wikipedia.org/wiki/Peace_of_Pressburg_(1626),Also known as the Peace of Bratislava,Ends the revolt against the Habsburgs
1626,Treaty of Monzón,https://en.wikipedia.org/wiki/Treaty_of_Monz%C3%B3n,,France and Spain share equal rights in their control of Valtelline
1627,Capitulation of Franzburg,https://en.wikipedia.org/wiki/Capitulation_of_Franzburg,,Duchy of Pomerania occupied by Albrecht von Wallenstein 's imperial army
1628,Treaty of Munich,https://en.wikipedia.org/wiki/Treaty_of_Munich_(1628),,Recognizes Duke Maximilian of Bavaria as a prince-elector ; grants Maximilian control of the Upper Palatinate and the right bank of the Rhine River for thirty years
1629,Edict of Restitution,https://en.wikipedia.org/wiki/Edict_of_Restitution,,Holy Roman Emperor Ferdinand II attempts to reinforce the territorial and religious settlements made after the Peace of Augsburg
1629,Treaty of Lübeck,https://en.wikipedia.org/wiki/Treaty_of_L%C3%BCbeck,,Denmark withdraws from the Thirty Years' War
1629,Truce of Altmark,https://en.wikipedia.org/wiki/Truce_of_Altmark,Also known as the Treaty of Stary Targ,Ends hostilities between Sweden and the Polish–Lithuanian Commonwealth
1629,Peace of Alais,https://en.wikipedia.org/wiki/Peace_of_Alais,Also known as the Edict of Alès,Between the Huguenots and King Louis XIII ; confirms the basic principles of the Edict of Nantes with additional clauses
1629,Treaty of Suza,https://en.wikipedia.org/wiki/Treaty_of_Suza,,"2 treaties between France, Savoy, England and Scotland"
1630,Peace of Regensburg,https://en.wikipedia.org/wiki/Peace_of_Regensburg,Also known as the Treaty of Ratisbonne,Temporarily halts the War of the Mantuan Succession
1630,Treaty of Stettin (1630),https://en.wikipedia.org/wiki/Treaty_of_Stettin_(1630),,The Duchy of Pomerania allies with and is occupied by the Swedish Empire
1630,Treaty of Madrid (1630),https://en.wikipedia.org/wiki/Treaty_of_Madrid_(1630),,Ends English involvement in the Dutch Revolt
1631,Treaty of Bärwalde,https://en.wikipedia.org/wiki/Treaty_of_B%C3%A4rwalde,,France and Sweden establish an alliance against the Holy Roman Empire
1631,Treaty of Cherasco,https://en.wikipedia.org/wiki/Treaty_of_Cherasco,,Ends the War of the Mantuan Succession
1631,Treaty of Fontainebleau (1631),https://en.wikipedia.org/wiki/Treaty_of_Fontainebleau_(1631),,"France and Bavaria establish a secret "" Catholic "" alliance"
1632,Treaty of Saint-Germain-en-Laye (1632),https://en.wikipedia.org/wiki/Treaty_of_Saint-Germain-en-Laye_(1632),,England returns New France ( Quebec ) to France
1634,Treaty of Polyanovka,https://en.wikipedia.org/wiki/Treaty_of_Polyanovka,Also known as the Treaty of Polanów or the Treaty of Polyanov,Ends the Smolensk War between Poland and Russia
1635,Peace of Prague (1635),https://en.wikipedia.org/wiki/Peace_of_Prague_(1635),,"Between the Holy Roman Emperor, Ferdinand II , and most of the Protestant states of the Holy Roman Empire"
1635,Treaty of Sztumska Wieś,https://en.wikipedia.org/wiki/Treaty_of_Sztumska_Wie%C5%9B,"Also known as the Treaty of Stuhmsdorf , the Armistice of Stuhmsdorf , the Peace of Stuhmsdorf , and the Truce of Stuhmsdorf",The Swedish Empire concedes territories to the Polish–Lithuanian Commonwealth
1636,Treaty of Wismar,https://en.wikipedia.org/wiki/Treaty_of_Wismar,,Establishes alliance between Sweden and France against the Habsburgs
1638,Treaty of Hamburg (1638),https://en.wikipedia.org/wiki/Treaty_of_Hamburg_(1638),,"Confirms Treaty of Wismar ; France pays Sweden 1,000,000 livres"
1638,Treaty of Hartford (1638),https://en.wikipedia.org/wiki/Treaty_of_Hartford_(1638),,Cedes Pequot Indian lands to Connecticut River towns and outlaws Pequot settlement and the use of the Pequot language
1639,Treaty of Berwick (1639),https://en.wikipedia.org/wiki/Treaty_of_Berwick_(1639),Also known as the Peace of Berwick or the Pacification of Berwick,Ends the First Bishops' War between Charles I of England and the Scots
1639,Treaty of Zuhab,https://en.wikipedia.org/wiki/Treaty_of_Zuhab,Also known as the Peace of Qasr-e-Shirin,Ends the war between Safavid Persia and the Ottoman Turkey . The borderline drawn by the treaty is still effective today
1639,Treaty of Asurar Ali,https://en.wikipedia.org/wiki/Treaty_of_Asurar_Ali,,Establishes the boundary between the Mughals and the Ahom kingdom
1640,Treaty of Ripon,https://en.wikipedia.org/wiki/Treaty_of_Ripon,,Between Charles I of England and the Scots in the aftermath of the Second Bishops' War
1642,Treaty of Axim (1642),https://en.wikipedia.org/wiki/Treaty_of_Axim_(1642),,Regulates the jurisdiction of the Netherlands and the Dutch West India Company in the town and polity of Axim
1643,Solemn League and Covenant,https://en.wikipedia.org/wiki/Solemn_League_and_Covenant,,Between the Scottish Covenanters and the leaders of the English Parliamentarians
1645,Second Treaty of Brömsebro (1645),https://en.wikipedia.org/wiki/Second_Treaty_of_Br%C3%B6msebro_(1645),Also known as the Peace of Brömsebro,Ends the Torstenson War between Sweden and Denmark–Norway
1647,Truce of Ulm (1647),https://en.wikipedia.org/wiki/Truce_of_Ulm_(1647),Also known as the Treaty of Ulm,Forces Duke Maximilian of Bavaria to renounce his alliance with Holy Roman Emperor Ferdinand III
1648,Peace of Westphalia,https://en.wikipedia.org/wiki/Peace_of_Westphalia,Also known as the Treaties of Münster and Osnabrück,"Ends the Thirty Years' War and the Eighty Years' War , and establishes the principle of the sovereignty of nations in use today"
1648,Treaty of Concordia,https://en.wikipedia.org/wiki/Treaty_of_Concordia,Also known as the Partition Treaty of 1648,Divides the island of Saint Martin between France and the Netherlands
1649,Peace of Rueil,https://en.wikipedia.org/wiki/Peace_of_Rueil,,"Ends the opening episodes of the Fronde , France's civil war"
1649,Treaty of Zboriv,https://en.wikipedia.org/wiki/Treaty_of_Zboriv,,Places three provinces of Ukraine under the control of the Cossacks
1650,Treaty of Breda (1650),https://en.wikipedia.org/wiki/Treaty_of_Breda_(1650),,Between Charles II of England and the Scottish Covenanters during the Wars of the Three Kingdoms
1650,Treaty of Hartford (1650),https://en.wikipedia.org/wiki/Treaty_of_Hartford_(1650),,Establishes boundary lines between New Amsterdam and English settlers in Connecticut
1651,Treaty of Bila Tserkva,https://en.wikipedia.org/wiki/Treaty_of_Bila_Tserkva,,Establishes peace between the Polish–Lithuanian Commonwealth and the Ukrainian Cossacks after the Battle of Berestechko
1652,Treaty of Oistins,,,Establishes peace between colonial settlers of Barbados and the English Commonwealth over Barbados's right to trade with Spanish controlled Netherlands among other demands. Results in establishing one of the first parliaments in the new world and the third oldest in the British Commonwealth
1653,Treaty of Stettin (1653),https://en.wikipedia.org/wiki/Treaty_of_Stettin_(1653),,The Swedish Empire and Brandenburg partition Pomerania
1654,Treaty of Pereiaslav,https://en.wikipedia.org/wiki/Treaty_of_Pereiaslav,,Between Russia and Cossack Hetmanate
1654,Treaty of Westminster (1654),https://en.wikipedia.org/wiki/Treaty_of_Westminster_(1654),,Ends the First Anglo-Dutch War
1655,Treaty of Kėdainiai,https://en.wikipedia.org/wiki/Treaty_of_K%C4%97dainiai,,Second Northern War – Grand Duchy of Lithuania becomes Swedish protectorate
1655,Union of Kėdainiai,https://en.wikipedia.org/wiki/Union_of_K%C4%97dainiai,,Second Northern War – Lithuanian – Swedish union
1655,Treaty of Rinsk,https://en.wikipedia.org/wiki/Treaty_of_Rinsk,,Second Northern War – anti-Swedish alliance of Brandenburg-Prussia and Royal Prussian estates
1656,Treaty of Königsberg (1656),https://en.wikipedia.org/wiki/Treaty_of_K%C3%B6nigsberg_(1656),,Second Northern War – Duchy of Prussia and Ermland become Swedish fiefs
1656,Treaty of Marienburg,https://en.wikipedia.org/wiki/Treaty_of_Marienburg,,Second Northern War – alliance between Brandenburg-Prussia and Sweden
1656,Treaty of Elbing,https://en.wikipedia.org/wiki/Treaty_of_Elbing,,Second Northern War – Dutch-Swedish settlement of conflicts over Danzig (Gdańsk)
1656,Treaty of Labiau,https://en.wikipedia.org/wiki/Treaty_of_Labiau,,Second Northern War – Hohenzollerns become full souvereigns in Prussia and Ermland
1656,Truce of Vilna,https://en.wikipedia.org/wiki/Truce_of_Vilna,,Second Northern War / Russo-Polish War – Russo-Polish truce and alliance against Sweden
1656,Treaty of Vienna (1656),https://en.wikipedia.org/wiki/Treaty_of_Vienna_(1656),,Second Northern War : 1st Habsburg – Polish alliance against Sweden
1656,Treaty of Radnot,https://en.wikipedia.org/wiki/Treaty_of_Radnot,,It envisaged a partition of the Polish–Lithuanian Commonwealth ; Transylvania enters the Second Northern War on the Swedish side
1656,Treaty of Butre (1656),https://en.wikipedia.org/wiki/Treaty_of_Butre_(1656),,"Between the Gold Coast (West Africa) state of Ahanta and the States General and the Dutch West India Company , establishing a Dutch protectorate over Butre and Upper Ahanta"
1657,Treaty of Vienna (1657),https://en.wikipedia.org/wiki/Treaty_of_Vienna_(1657),,Second Northern War : 2nd Habsburg – Polish alliance against Sweden
1657,Treaty of Wehlau,https://en.wikipedia.org/wiki/Treaty_of_Wehlau,,"Second Northern War : Poland accepts Hohenzollerns as full souvereigns in Prussia , anti- Swedish alliance"
1657,Treaty of Bromberg (Bydgoszcz),https://en.wikipedia.org/wiki/Treaty_of_Bromberg,,Second Northern War – Wehlau confirmed and amended
1657,Treaty of Paris (1657),https://en.wikipedia.org/wiki/Treaty_of_Paris_(1657),,Establishes military alliance between England and France against Spain
1657,Treaty of Raalte,https://en.wikipedia.org/wiki/Treaty_of_Raalte,,Willem III is no longer the viceroy of Overijssel
1658,Treaty of Hadiach,https://en.wikipedia.org/wiki/Treaty_of_Hadiach,,Between Poland and Cossack Hetmanate
1658,Treaty of Taastrup,https://en.wikipedia.org/wiki/Treaty_of_Taastrup,Also known as the Høje Taastrup Peace,An accord that preceded the Treaty of Roskilde between Charles X Gustav of Sweden and King Frederick III of Denmark
1658,Treaty of Roskilde,https://en.wikipedia.org/wiki/Treaty_of_Roskilde,,"Second Northern War : Denmark–Norway cedes territory (Blekinge, Bornholm, Bohuslän, Scania, Trøndelag, Halland) to Sweden"
1658,Treaty of Valiesar,https://en.wikipedia.org/wiki/Treaty_of_Valiesar,,"Second Northern War : Sweden temporarily cedes territory to Russia, cession of hostilities"
1659,Treaty of the Pyrenees,https://en.wikipedia.org/wiki/Treaty_of_the_Pyrenees,,Ends war between France and Spain
1659,Concert of The Hague (1659),https://en.wikipedia.org/wiki/Concert_of_The_Hague_(1659),,Second Northern War – Anglo-Franco-Dutch agreement regarding peace between Denmark and Swede
1660,Treaty of Copenhagen (1660),https://en.wikipedia.org/wiki/Treaty_of_Copenhagen_(1660),,"Second Northern War – peace between Denmark and Sweden, restores Trondheim to Norway and Bornholm to Denmark"
1660,Treaty of Oliva,https://en.wikipedia.org/wiki/Treaty_of_Oliva,Also known as the Peace of Oliva,"Second Northern War – peace between Sweden, Brandenburg-Prussia and Poland"
1661,Treaty of Cardis,https://en.wikipedia.org/wiki/Treaty_of_Cardis,Also known as the Peace of Cardis,Second Northern War – peace between Sweden and Russia
1661,Treaty of Den Haag,https://en.wikipedia.org/wiki/Treaty_of_Den_Haag_(1661),,The Dutch Empire recognizes Portuguese imperial sovereignty over Recife in Brazil
1662,Treaty of Montmartre,https://en.wikipedia.org/wiki/Treaty_of_Montmartre,,Duke Charles IV gives to Louis XIV the throne to the Duchy of Lorraine
1663,Treaty of Ghilajharighat,https://en.wikipedia.org/wiki/Treaty_of_Ghilajharighat,,Between the Ahoms and the Mughal forces
1664,Peace of Vasvár,https://en.wikipedia.org/wiki/Peace_of_Vasv%C3%A1r,,Between the Austrian Habsburg monarchy and the Ottoman Turkey after the Battle of Saint Gotthard ; lasted until 1683
1665,Treaty of Purandar (1665),https://en.wikipedia.org/wiki/Treaty_of_Purandar_(1665),Also known as the Treaty of Purandhar,Between Rajput Jai Singh and Shivaji Maharaj
1666,Treaty of Habenhausen,https://en.wikipedia.org/wiki/Treaty_of_Habenhausen,,Peace negotiations after the Second Swedish war on Bremen between Sweden and the city of Bremen
1666,1666 Articles of Peace and Amity,https://en.wikipedia.org/wiki/1666_Articles_of_Peace_and_Amity,,"Treaty between the Province of Maryland and 12 Eastern Algonquian-speaking indigenous nations, including the Piscataway , Anacostanck , Doegs , Mikikiwomans, Manasquesend, Mattawoman , Chingwawateick, Hangemaick, Portobackes , Sacayo, Panyayo, and Choptico"
1667,Treaty of Breda (1667),https://en.wikipedia.org/wiki/Treaty_of_Breda_(1667),,Ends the Second Anglo-Dutch War
1667,Treaty of Andrusovo,https://en.wikipedia.org/wiki/Treaty_of_Andrusovo,,Ends the war between Russia and Poland-Lithuania
1667,Treaty of Bongaja,https://en.wikipedia.org/wiki/Treaty_of_Bongaja,,Sultan Hasanuddin of Makassar recognizes the influence of the Dutch East India Company (VOC) in Indonesian territories
1668,First Triple Alliance,https://en.wikipedia.org/wiki/Triple_Alliance_(1668),,"Alliance between England, the United Provinces and Sweden"
1668,Treaty of Aix-la-Chapelle (1668),https://en.wikipedia.org/wiki/Treaty_of_Aix-la-Chapelle_(1668),,Ends the War of Devolution between Louis XIV 's France and Habsburg Spain
1668,Treaty of Lisbon (1668),https://en.wikipedia.org/wiki/Treaty_of_Lisbon_(1668),,Spain recognizes Portuguese sovereignty after the Portuguese Restoration War ; Portugal cedes Ceuta to Spain
1670,Secret Treaty of Dover,https://en.wikipedia.org/wiki/Secret_Treaty_of_Dover,,France helps England to rejoin the Roman Catholic Church and England assists France militarily against the Dutch Republic
1670,Treaty of Madrid (1670),https://en.wikipedia.org/wiki/Treaty_of_Madrid_(1670),,Between England and Spain
1670,Treaty of Copenhagen (1670),https://en.wikipedia.org/wiki/Treaty_of_Copenhagen_(1670),,"An alliance and commercial treaty between Britain and Denmark-Norway, establishing terms of contraband and permitting Danish settlement of the Virgin Islands"
1672,Treaty of Buczacz,https://en.wikipedia.org/wiki/Treaty_of_Buczacz,,Between the Polish–Lithuanian Commonwealth and Ottoman Turkey . Podolia under Turkish control
1674,Treaty of Westminster (1674),https://en.wikipedia.org/wiki/Treaty_of_Westminster_(1674),,Ends the Third Anglo-Dutch War
1675,Strasbourg Agreement (1675),https://en.wikipedia.org/wiki/Strasbourg_Agreement_(1675),,First international agreement banning the use of chemical weapons (i.e. poisoned bullets); signed between France and the Holy Roman Empire
1676,Treaty of Żurawno,https://en.wikipedia.org/wiki/Treaty_of_%C5%BBurawno,,Between Ottoman Turkey and Polish–Lithuanian Commonwealth Ratifies 1672 treaty
1677,Treaty of 1677,https://en.wikipedia.org/wiki/Treaty_of_1677,Also known as the Treaty Between Virginia And The Indians 1677,Native American tribes in Virginia swear fealty to the British Empire
1678,Treaties of Nijmegen,https://en.wikipedia.org/wiki/Treaties_of_Nijmegen,,Ends the Franco-Dutch War
1678,Treaty of Casco (1678),https://en.wikipedia.org/wiki/Treaty_of_Casco_(1678),,Ends war between the eastern Native Americans and the English settlers of Massachusetts Bay Colony
1679,Treaty of Saint-Germain-en-Laye (1679),https://en.wikipedia.org/wiki/Treaty_of_Saint-Germain-en-Laye_(1679),,Swedish Pomerania and Bremen-Verden restored to Sweden after the Scanian War
1681,Treaty of Bakhchisarai,https://en.wikipedia.org/wiki/Treaty_of_Bakhchisarai,,Concludes the Russo-Turkish War (1676–1681) ; establishes a 20-year truce whereby the Dnieper River would separate the Ottoman Empire from Russian territories
1684,Truce of Ratisbon,https://en.wikipedia.org/wiki/Truce_of_Ratisbon,,Ends War of Reunions between France and Spain
1686,Eternal Peace Treaty of 1686,https://en.wikipedia.org/wiki/Eternal_Peace_Treaty_of_1686,,Ends war between Russia and Poland
1689,Treaty of Nerchinsk,https://en.wikipedia.org/wiki/Treaty_of_Nerchinsk,,Ends war between the Russian Empire and the Qing dynasty of China
1691,Treaty of Limerick,https://en.wikipedia.org/wiki/Treaty_of_Limerick,,Ends the Williamite War in Ireland
1697,Treaty of Ryswick,https://en.wikipedia.org/wiki/Treaty_of_Ryswick,,Ends the War of the Grand Alliance
1698,Treaty of Den Haag (1698),https://en.wikipedia.org/wiki/Treaty_of_Den_Haag_(1698),Also known as the Treaty of The Hague or the First Partition Treaty,Attempts to resolve the issue of who would inherit the Spanish throne
1699,Treaty of Karlowitz,https://en.wikipedia.org/wiki/Treaty_of_Karlowitz,Also known as the Treaty of Karlovci,"Ends the war between the alliance consisting of Austria, Venice and Polish–Lithuanian Commonwealth on one side and the Ottoman Turkey on the other side"
1699,Treaty of Preobrazhenskoye,https://en.wikipedia.org/wiki/Treaty_of_Preobrazhenskoye,,"Denmark, Russia, Saxony , and the Polish–Lithuanian Commonwealth divide Swedish territories"
1700,Treaty of London,"https://en.wikipedia.org/wiki/Treaty_of_London,_1700",Also known as the Second Partition Treaty,"An attempt to restore the Pragmatic Sanction following the death of Joseph Ferdinand, Electoral Prince of Bavaria"
1700,Treaty of Constantinople,https://en.wikipedia.org/wiki/Treaty_of_Constantinople_(1700),,Establishes peace between Russia and the Ottoman Empire
1700,Peace of Travendal,https://en.wikipedia.org/wiki/Peace_of_Travendal,,Temporary peace between the Swedish Empire and Denmark–Norway during the Great Northern War
1701,Great Peace of Montreal,https://en.wikipedia.org/wiki/Great_Peace_of_Montreal,,Establishes peace between New France and the 39 First Nations of North America
1701,Treaty of The Hague (1701),https://en.wikipedia.org/wiki/Treaty_of_The_Hague_(1701),,"England, Austria, the United Provinces, and the Holy Roman Empire establish a defensive alliance against France"
1703,Methuen Treaty,https://en.wikipedia.org/wiki/Methuen_Treaty,,Between Portugal and the Kingdom of England
1704,Treaty of Ilbersheim,https://en.wikipedia.org/wiki/Treaty_of_Ilbersheim,,Removes Bavaria from the War of the Spanish Succession
1704,Treaty of Narva,https://en.wikipedia.org/wiki/Treaty_of_Narva,,Great Northern War : Saxon–Polish–Lithuanian–Russian alliance
1705,Treaty of Warsaw,https://en.wikipedia.org/wiki/Treaty_of_Warsaw_(1705),,Great Northern War : Polish–Lithuanian–Swedish alliance
1705,Pact of Genoa,https://en.wikipedia.org/wiki/Pact_of_Genoa,,War of the Spanish Succession : alliance between the Kingdom of England and the Principality of Catalonia
1706,Treaty of Altranstädt,https://en.wikipedia.org/wiki/Treaty_of_Altranst%C3%A4dt_(1706),,"Great Northern War – peace between Augustus the Strong , king of Poland and elector of Saxony, and Charles XII of Sweden . Augustus resigns as king"
1707,Convention of Milan,https://en.wikipedia.org/wiki/Convention_of_Milan,,Ends the fighting in northern Italy between France and Austria
1707,Treaty of Altranstädt (1707),https://en.wikipedia.org/wiki/Treaty_of_Altranst%C3%A4dt_(1707),,Holy Roman Emperor Joseph I guarantees to Charles XII of Sweden religious tolerance and liberty of conscience for Silesian Protestants
1707,Treaty of Union,https://en.wikipedia.org/wiki/Treaty_of_Union_1707,,Unites the Kingdoms of England and Scotland to create the Kingdom of Great Britain
1709,Treaty of Thorn,https://en.wikipedia.org/wiki/Treaty_of_Thorn_(1709),,Great Northern War : Saxon–Polish–Lithuanian-Russian alliance
1709,Treaty of Copenhagen,https://en.wikipedia.org/wiki/Treaty_of_Copenhagen_(1709),,Great Northern War : Russo-Danish alliance
1710,Capitulation of Estonia and Livonia,https://en.wikipedia.org/wiki/Capitulation_of_Estonia_and_Livonia,,Great Northern War : Estonian and Livonian estates and towns surrender to Russia
1710,Treaty of Hanover,https://en.wikipedia.org/wiki/Treaty_of_Hanover_(1710),,Great Northern War : Hanoveranian–Russian alliance
1711,Treaty of Szatmár,https://en.wikipedia.org/wiki/Treaty_of_Szatm%C3%A1r,Also known as the Peace of Szatmár,Ends the Kuruc Rebellion led by Francis II Rákóczi
1711,Treaty of Pruth,https://en.wikipedia.org/wiki/Treaty_of_Pruth,,"Between Ottoman Turkey and Russia, Russia loses some territories and grants a free passage for Charles XII of Sweden"
1712,Peace of Aarau,,,Ends the Toggenburg War among the Swiss cantons
1713,Treaty of Utrecht,https://en.wikipedia.org/wiki/Treaty_of_Utrecht,,Ends the War of the Spanish Succession
1713,Treaty of Portsmouth,https://en.wikipedia.org/wiki/Treaty_of_Portsmouth_(1713),,Ends Queen Anne's War hostilities between the Abenakis and the Province of Massachusetts Bay
1713,Treaty of Schwedt,https://en.wikipedia.org/wiki/Treaty_of_Schwedt,,Great Northern War : Russo-Prussian alliance
1714,Treaty of Baden,https://en.wikipedia.org/wiki/Treaty_of_Baden_(1714),,Ends hostilities between France and the Holy Roman Empire and also ends the War of the Spanish Succession
1714,Treaty of Rastatt,https://en.wikipedia.org/wiki/Treaty_of_Rastatt,,Ends the War of the Spanish Succession ; hostilities between Louis XIV of France and Holy Roman Emperor Charles VI cease
1715,Treaty of Stettin,https://en.wikipedia.org/wiki/Treaty_of_Stettin_(1715),,Great Northern War : Hanoveranian–British–Prussian alliance
1715,Treaty of Berlin,https://en.wikipedia.org/wiki/Treaty_of_Berlin_(1715),,Great Northern War : Hanoveranian–British–Danish–Norwegian alliance
1715,Treaty of Greifswald,https://en.wikipedia.org/wiki/Treaty_of_Greifswald,,Great Northern War : Hanoveranian–British–Russian alliance
1717,Second Triple Alliance,https://en.wikipedia.org/wiki/Triple_Alliance_(1717),,"Alliance between Kingdom of Great Britain , the United Provinces and France"
1718,Treaty of Passarowitz,https://en.wikipedia.org/wiki/Treaty_of_Passarowitz,Also known as the Treaty of Požarevac,Ends the war between Austria and the Ottoman Empire
1718,Treaty of Baden,https://en.wikipedia.org/wiki/Treaty_of_Baden_(1718),,Ends the Toggenburg War among the Swiss cantons (second treaty)
1720,Treaty of Den Haag,https://en.wikipedia.org/wiki/Treaty_of_Den_Haag_(1720),Also known as the Treaty of The Hague,Spain abandons her claims in Italy after the War of the Quadruple Alliance
1720,Treaty of Frederiksborg,https://en.wikipedia.org/wiki/Treaty_of_Frederiksborg,,Ends Great Northern War between Sweden and Denmark–Norway
1720,Treaty of Stockholm,https://en.wikipedia.org/wiki/Treaty_of_Stockholm_(Great_Northern_War),,"Ends the Great Northern War between Sweden, Hanover and Brandenburg-Prussia"
1721,Treaty of Nystad,https://en.wikipedia.org/wiki/Treaty_of_Nystad,,Ends the Great Northern War between Sweden and Russia
1721,Treaty of Tetuan,,,"First treaty between Morocco and Great Britain signed on 23 January 1721 by Charles Stewart and the Pasha of Tetuan , and later ratified by King George I and Sultan Ismail : 300 English captives were freed and English merchants were allowed special capitulations in Moroccan harbors. The treaty guaranteed a strategic supply line for Gibraltar"
1725,Treaty of Hanover,https://en.wikipedia.org/wiki/Treaty_of_Hanover_(1725),,"Establishes a military alliance between Great Britain, France, Prussia, Sweden, the Netherlands and Denmark against Spain"
1725,Treaty of Vienna,https://en.wikipedia.org/wiki/Treaty_of_Vienna_(1725),,Ends Austrian claims to the Spanish throne; Austria helps Spain to reacquire Gibraltar from the British
1727,Treaty of Kyakhta,https://en.wikipedia.org/wiki/Treaty_of_Kyakhta,,Redefines boundaries between Russia and China
1729,Treaty of Seville (1729),https://en.wikipedia.org/wiki/Treaty_of_Seville_(1729),,Britain maintains control over Port Mahon and Gibraltar
1731,Treaty of Vienna (1731),https://en.wikipedia.org/wiki/Treaty_of_Vienna_(1731),,"Verifies the Quadruple Alliance between the Holy Roman Empire , Britain, the Dutch Empire, and Spain"
1732,Treaty of Ahmet Pasha,https://en.wikipedia.org/wiki/Treaty_of_Ahmet_Pasha,,"Short lived peace treaty, ends hostalities between the Ottoman Turkey and the Safavid Persia"
1732,Löwenwolde's Treaty,https://en.wikipedia.org/wiki/L%C3%B6wenwolde%27s_Treaty,Also known as the Treaty of the Three Black Eagles and as the Treaty of Berlin,"Establishes a joint policy between Austria, the Russian Empire, and Prussia pertaining to the succession of the Polish throne"
1732,Treaty of Rasht,https://en.wikipedia.org/wiki/Treaty_of_Rasht,,Ends Russian claims over Persian territories
1733,Treaty of Turin (1733),https://en.wikipedia.org/wiki/Treaty_of_Turin_(1733),,Secret treaty between France and the Duke of Savoy for military alliance prior to War of the Polish Succession
1733,Treaty of the Escorial,https://en.wikipedia.org/wiki/Treaty_of_the_Escorial,,"First of the Bourbon Family Compacts between France and Spain, agreeing to mutual defense and military alliance in the conquest of Italian territories held by the Habsburgs"
1736,Treaty of Constantinople (1736),https://en.wikipedia.org/wiki/Treaty_of_Constantinople_(1736),,Ends hostilities between the Ottoman Empire and Safavid Persia
1738,Treaty of Vienna (1738),https://en.wikipedia.org/wiki/Treaty_of_Vienna_(1738),,Ends the War of the Polish Succession
1739,Treaty of El Pardo (1739),https://en.wikipedia.org/wiki/Treaty_of_El_Pardo_(1739),,Spain and Great Britain settle their respective claims to American navigation and trade
1739,Treaty of Niš (1739),https://en.wikipedia.org/wiki/Treaty_of_Ni%C5%A1_(1739),,Ends the war between Russia and the Ottoman Empire
1739,Treaty of Belgrade,https://en.wikipedia.org/wiki/Treaty_of_Belgrade,,Ends the war between Austria and the Ottoman Empire
1740,Treaty of Friendship and Alliance,https://en.wikipedia.org/wiki/Treaty_of_Friendship_and_Alliance,,Between the Miskito nation and Kingdom of Great Britain
1742,Treaty of Berlin (1742),https://en.wikipedia.org/wiki/Treaty_of_Berlin_(1742),,Ends First Silesian War
1742,Treaty of Breslau,https://en.wikipedia.org/wiki/Treaty_of_Breslau,,Ends First Silesian War
1742,Convention of Turin,https://en.wikipedia.org/wiki/Convention_of_Turin,,Ends Austria and Sardinia promise to assist each other against Spain
1743,Treaty of Åbo,https://en.wikipedia.org/wiki/Treaty_of_%C3%85bo,Also known as the Treaty of Turku,Ends the Hats' Russian War
1743,Treaty of Worms (1743),https://en.wikipedia.org/wiki/Treaty_of_Worms_(1743),,"Establishes political alliance between the Kingdom of Great Britain, Austria and Sardinia"
1745,Treaty of Dresden,https://en.wikipedia.org/wiki/Treaty_of_Dresden,,Austria confirms the loss of Silesia to Prussia after the Second Silesian War
1745,Treaty of Fontainebleau (1745),https://en.wikipedia.org/wiki/Treaty_of_Fontainebleau_(1745),,Establishes a military alliance between Louis XV of France and Charles Edward Stuart against George II of Great Britain
1745,Treaty of Füssen,https://en.wikipedia.org/wiki/Treaty_of_F%C3%BCssen,,Ends Bavaria's support of the French in the War of the Austrian Succession
1746,Treaty of Kerden,https://en.wikipedia.org/wiki/Treaty_of_Kerden,,Ends hostalities between Ottoman Turkey and Afsharid Iran
1748,Treaty of Aix-la-Chapelle (1748),https://en.wikipedia.org/wiki/Treaty_of_Aix-la-Chapelle_(1748),,Ends the War of the Austrian Succession
1750,Treaty of Madrid (13 January 1750),https://en.wikipedia.org/wiki/Treaty_of_Madrid_(13_January_1750),,"Defines the boundaries of the Spanish and the Portuguese colonies in South America, replacing the Treaty of Tordesillas"
1752,Treaty of Aranjuez (1752),https://en.wikipedia.org/wiki/Treaty_of_Aranjuez_(1752),,Recognizes Spanish and Austrian interests in Italy
1755,Treaty of Giyanti,https://en.wikipedia.org/wiki/Treaty_of_Giyanti,Also known as the Treaty of Gianti Java or Gianti Agreement,Divides the Sultanate of Mataram between Prince Mangkubumi and Pakubuwono III
1756,Treaty of Westminster (1756),https://en.wikipedia.org/wiki/Anglo-Prussian_alliance_(1756)#Treaty,,Treaty of neutrality between Prussia and the British Empire
1757,Treaty of Alinagar,https://en.wikipedia.org/wiki/Treaty_of_Alinagar,,"Between the British East India Company and the Nawab of Bengal , India"
1758,Treaty of Easton,https://en.wikipedia.org/wiki/Treaty_of_Easton,,Native Americans agree not to fight the British during the French and Indian War
1761,Treaty of El Pardo (1761),https://en.wikipedia.org/wiki/Treaty_of_El_Pardo_(1761),,Nullifies the Treaty of Madrid (13 January 1750)
1762,Treaty of Fontainebleau (1762),https://en.wikipedia.org/wiki/Treaty_of_Fontainebleau_(1762),,A secret agreement whereby France cedes Louisiana to Spain
1762,Treaty of Saint Petersburg (1762),https://en.wikipedia.org/wiki/Treaty_of_Saint_Petersburg_(1762),,Ends the Seven Years' War between Russia and Prussia
1762,Treaty of Hamburg (1762),https://en.wikipedia.org/wiki/Treaty_of_Hamburg_(1762),,Between Prussia and Sweden after Russia breaks its alliance with Prussia
1763,Treaty of Hubertusburg,https://en.wikipedia.org/wiki/Treaty_of_Hubertusburg,,Ends the Seven Years' War
1763,First Treaty of Paris,https://en.wikipedia.org/wiki/Treaty_of_Paris_(1763),Also known as the Peace of Paris and the Treaty of 1763,Ends the Seven Years' War
1766,Treaty of Batticaloa,https://en.wikipedia.org/wiki/Treaty_of_Batticaloa,Also known as the Hanguranketha Treaty,King Keerthisiri Rajasinghe of Kandy recognizes Dutch imperial possessions in Sri Lanka
1768,Treaty of Fort Stanwix,https://en.wikipedia.org/wiki/Treaty_of_Fort_Stanwix,,"In North America, the boundary established by the Proclamation of 1763 is moved west"
1768,Treaty of Masulipatam,https://en.wikipedia.org/wiki/Treaty_of_Masulipatam,,Confirms the conquest of the state of Hyderabad by the British
1768,Treaty of Versailles,https://en.wikipedia.org/wiki/Treaty_of_Versailles_(1768),,Genoa put Corsica in pledge to France
1770,Treaty of Lochaber,https://en.wikipedia.org/wiki/Treaty_of_Lochaber,,The Cherokee relinquish territories to the British Empire
1773,Treaty of Tsarskoye Selo,https://en.wikipedia.org/wiki/Treaty_of_Tsarskoye_Selo,,Exchanges Russian and Danish territories in Schleswig–Holstein and the Duchy of Oldenburg
1774,Treaty of Küçük Kaynarca,https://en.wikipedia.org/wiki/Treaty_of_K%C3%BC%C3%A7%C3%BCk_Kaynarca,,Ends Russo-Turkish War (1768–74)
1775,Treaty of Faizabad,,,Nawab Of Awadh surrendered the sovereignty over the state of Banaras to East India Company
1776,Treaty of Watertown,https://en.wikipedia.org/wiki/Treaty_of_Watertown,,Alliance between the State of Massachusetts Bay and the Mi'kmaq of Nova Scotia
1776,Treaty of Purandar (1776),https://en.wikipedia.org/wiki/Treaty_of_Purandar_(1776),Also known as the Treaty of Purandhar,"Between the peshwa of the Maratha people and the British East India Company, India"
1777,First Treaty of San Ildefonso,https://en.wikipedia.org/wiki/First_Treaty_of_San_Ildefonso,,Ends disputes between Portugal and Spain over the territories of The Seven Missions and of Colonia del Sacramento
1777,Treaty of Aranjuez (1777),https://en.wikipedia.org/wiki/Treaty_of_Aranjuez_(1777),,Defines Spanish and French colonies on Santo Domingo
1778,Treaty of Amity and Commerce (United States–France),https://en.wikipedia.org/wiki/Treaty_of_Amity_and_Commerce_(United_States%E2%80%93France),Also known as the Treaty of Amity and Commerce between The United States and France,Establishes a commercial alliance between the United States and France
1778,Treaty of Alliance (1778),https://en.wikipedia.org/wiki/Treaty_of_Alliance_(1778),Also known as the Franco-American Alliance,Establishes a military alliance between the United States and France
1778,Treaty of El Pardo (1778),https://en.wikipedia.org/wiki/Treaty_of_El_Pardo_(1778),,"Queen Maria I of Portugal cedes Annobón , Bioko , and territories on the Guinea coast to King Charles III of Spain"
1778,Treaty of Fort Pitt (1778),https://en.wikipedia.org/wiki/Treaty_of_Fort_Pitt_(1778),Also known as the Treaty with the Delawares or the Fourth Treaty of Pittsburgh,"Gives the United States permission to travel through Delaware territory, as well as to call upon the Delaware Indians to help American troops fight against the British"
1779,Treaty of Aranjuez (1779),https://en.wikipedia.org/wiki/Treaty_of_Aranjuez_(1779),,Spain joins the American Revolutionary War against the Kingdom of Great Britain
1779,Treaty of Teschen,https://en.wikipedia.org/wiki/Treaty_of_Teschen,,Ends the War of the Bavarian Succession between Austria and Prussia
1779,Treaty of Aynalıkavak,https://en.wikipedia.org/wiki/Treaty_of_Aynal%C4%B1kavak,,Ratifies the terms of the Treaty of Küçük Kaynarca
1780,Treaty of Aranjuez (1780),https://en.wikipedia.org/wiki/Treaty_of_Aranjuez_(1780),,Morocco recognized Spanish rule over Melilla
1782,1782 Edict of Tolerance,https://en.wikipedia.org/wiki/1782_Edict_of_Tolerance,,Holy Roman Emperor Joseph II promotes religious tolerance towards Jews
1782,Treaty of Salbai,https://en.wikipedia.org/wiki/Treaty_of_Salbai,,"Between the Maratha Empire and the British East India Company , India"
1783,Treaty of Amity and Commerce (United States–Sweden),https://en.wikipedia.org/wiki/Treaty_of_Amity_and_Commerce_(United_States%E2%80%93Sweden),,Sweden becomes the first neutral nation to officially recognize the young American republic
1783,Second Treaty of Paris,https://en.wikipedia.org/wiki/Treaty_of_Paris_(1783),,Ends the American Revolutionary War
1783,Treaty of Georgievsk,https://en.wikipedia.org/wiki/Treaty_of_Georgievsk,,Establishes the east Georgian Kingdom of Kartli-Kakheti as a protectorate under suzerainty of the Russian Empire
1784,Treaty of Fort Stanwix,https://en.wikipedia.org/wiki/Treaty_of_Fort_Stanwix_(1784),,The Iroquois Confederacy cedes all lands west of the Niagara River to the United States
1784,Treaty of Mangalore,https://en.wikipedia.org/wiki/Treaty_of_Mangalore,,Ends the Second Anglo-Mysore War
1785,Treaty of Fontainebleau,https://en.wikipedia.org/wiki/Treaty_of_Fontainebleau_(1785),,Reinforces the Treaty of Münster whereby the Scheldt Estuary is under the sovereignty of the United Provinces
1785,Treaty of Amity and Commerce (Prussia–United States),https://en.wikipedia.org/wiki/Treaty_of_Amity_and_Commerce_(Prussia%E2%80%93United_States),,"Between the Kingdom of Prussia and the United States promoting free trade and demanding the unconditionally humane custody for war prisoner, a novelty at the time"
1785,Treaty of Hopewell,https://en.wikipedia.org/wiki/Treaty_of_Hopewell,,Between the United States and the Cherokee Indians
1785,Treaty of Fort McIntosh,https://en.wikipedia.org/wiki/Treaty_of_Fort_McIntosh,,Native American tribes cede to the United States all claims to land in the Ohio Country east of the Cuyahoga and Muskingum rivers; tribes also cede the areas surrounding Fort Detroit and Fort Michilimackinac
1785,Maryland–Virginia Compact of 1785,https://en.wikipedia.org/wiki/Maryland%E2%80%93Virginia_Compact_of_1785,,"Interstate compact between the U.S. states of Maryland and Virginia governing navigational and fishing rights on Chesapeake Bay , and on the Potomac and Pocomoke rivers"
1786,Eden Agreement,https://en.wikipedia.org/wiki/Eden_Agreement,,Between the Kingdom of Great Britain and France
1786,Moroccan–American Treaty of Friendship,https://en.wikipedia.org/wiki/Moroccan%E2%80%93American_Treaty_of_Friendship,,The oldest non-broken friendship treaty between Morocco and the United States
1786,Treaty of Hartford (1786),https://en.wikipedia.org/wiki/Treaty_of_Hartford_(1786),,Interstate compact resolving territorial and border disputes between the states of New York and Massachusetts
1786,Treaty of Hopewell,https://en.wikipedia.org/wiki/Treaty_of_Hopewell,,"Between the United States, the Choctaw Indians, and the Chickasaw Indians"
1786,Jay–Gardoqui Treaty,https://en.wikipedia.org/wiki/Jay%E2%80%93Gardoqui_Treaty,,Trade treaty between United States and Spain. Not ratified by U.S. government
1786,Convention of London (1786),https://en.wikipedia.org/wiki/Convention_of_London_(1786),,Great Britain agrees to evacuate Mosquito Coast in exchange for Spanish concessions in present-day Belize
1787,Treaty of Beaufort,https://en.wikipedia.org/wiki/Treaty_of_Beaufort,Also known as the Beaufort Convention,Interstate compact officially establishing the all-river boundary between the states of Georgia and South Carolina
1788,Third Triple Alliance,https://en.wikipedia.org/wiki/Triple_Alliance_(1788),,"Alliance between Kingdom of Great Britain , the United Provinces and Kingdom of Prussia"
1788,First Treaty of Buffalo Creek,https://en.wikipedia.org/wiki/First_Treaty_of_Buffalo_Creek,,Between the Seneca tribe of Western New York and certain purchasers of rights to the Indians' land
1789,Treaty of Fort Harmar,https://en.wikipedia.org/wiki/Treaty_of_Fort_Harmar,,Between the United States government and several Native American tribes with claims to the Ohio Country
1790,Treaty of Reichenbach (1790),https://en.wikipedia.org/wiki/Treaty_of_Reichenbach_(1790),,Between Frederick William II of Prussia and Holy Roman Emperor Leopold II of Austria
1790,Treaty of Värälä,https://en.wikipedia.org/wiki/Treaty_of_V%C3%A4r%C3%A4l%C3%A4,,Ends Russo-Swedish War (1788–1790)
1790,Treaty of New York (1790),https://en.wikipedia.org/wiki/Treaty_of_New_York_(1790),,Between the United States government and the Creek people
1791,Treaty of Holston,https://en.wikipedia.org/wiki/Treaty_of_Holston,,Settles disputes between the United States and the Cherokee over the territories south of the Ohio River ; proclaimed and amended in 1792
1791,Treaty of Sistova,https://en.wikipedia.org/wiki/Treaty_of_Sistova,,Ends the war between Ottoman Turkey and Austria (1787–1791)
1792,Treaty of Jassy,https://en.wikipedia.org/wiki/Treaty_of_Jassy,,Ends the Russo-Turkish War (1787–1792)
1792,Treaty of Seringapatam,https://en.wikipedia.org/wiki/Treaty_of_Seringapatam,,Ends the Third Anglo-Mysore War
1794,Jay Treaty,https://en.wikipedia.org/wiki/Jay_Treaty,Also known as the Treaty of London,Resolves several issues remaining between the United States and the Kingdom of Great Britain since the Treaty of Paris of 1783
1794,Treaty of Canandaigua,https://en.wikipedia.org/wiki/Treaty_of_Canandaigua,,Establishes peace and friendship between the United States and the Six Nations of the Iroquois (Haudenosaunee)
1795,Pinckney's Treaty,https://en.wikipedia.org/wiki/Pinckney%27s_Treaty,"Also known as the Treaty of San Lorenzo , the Treaty of Madrid , and the Treaty of Friendship, Limits, and Navigation Between Spain and the United States",Defines boundaries of the United States and Spanish colonies
1795,Treaty of Peace and Friendship between the United States and the Regency of Algiers,https://en.wikipedia.org/wiki/Treaty_of_Peace_and_Friendship_between_the_United_States_and_the_Regency_of_Algiers,,Ransom against piracy
1795,Treaty of The Hague (1795),https://en.wikipedia.org/wiki/Treaty_of_The_Hague_(1795),Also known as the Hedges Treaty,"The Batavian Republic cedes Venlo , Flanders , and Maastricht to France"
1795,Treaty of Greenville,https://en.wikipedia.org/wiki/Treaty_of_Greenville,,Ends the war between the United States and a coalition of Native Americans
1795,Treaty of Basel,https://en.wikipedia.org/wiki/Peace_of_Basel,,"Three agreements whereby France made peace with Prussia, Spain and Hessen-Kassel; concludes the early stage of the French Revolutionary Wars against the First Coalition (1792–1795)"
1796,Treaty with Tripoli (1796),https://en.wikipedia.org/wiki/Treaty_with_Tripoli_(1796),Also known as the Treaty of Peace and Friendship,Ends the war between the United States and Tripoli
1796,Treaty of New York (1796),https://en.wikipedia.org/wiki/Treaty_of_New_York_(1796),,Between the Seven Nations of Canada and New York State
1796,Treaty of Colerain,https://en.wikipedia.org/wiki/Treaty_of_Colerain,,Affirms the binding of the Treaty of New York (1790) and establishes the boundary line between the Creek Nation and the United States
1796,Second Treaty of San Ildefonso,https://en.wikipedia.org/wiki/Second_Treaty_of_San_Ildefonso,,Treaty of alliance between Spain and France against Britain
1797,Treaty of Leoben,https://en.wikipedia.org/wiki/Treaty_of_Leoben,Also known as the Peace of Leoben,Preliminary accord to the Treaty of Campo Formio ; Austria loses Belgium and Lombardy in exchange for Istria and Dalmatia
1797,Treaty of Campo Formio,https://en.wikipedia.org/wiki/Treaty_of_Campo_Formio,,Austria recognizes hegemony of French Republic over northern Italy and Belgium. Effective end of the War of the First Coalition (1792–1797)
1797,Treaty of Tolentino,https://en.wikipedia.org/wiki/Treaty_of_Tolentino,,Between France and the Papal States
1797,Treaty with Tunis (1797),https://en.wikipedia.org/wiki/Treaty_with_Tunis_(1797),,"Peace treaty between the United States and the ' Barbary State ' of Tunis , nominally part of the Ottoman Empire"
1797,Treaty of Big Tree,https://en.wikipedia.org/wiki/Treaty_of_Big_Tree,,"Treaty between the Seneca Nation , part of the Iroquois Confederacy and United States that created reservations for the Seneca and reduced their lands significantly"
1800,Third Treaty of San Ildefonso,https://en.wikipedia.org/wiki/Third_Treaty_of_San_Ildefonso,"Also known as the Preliminary and Secret Treaty between the French Republic and His Catholic Majesty the King of Spain, Concerning the Aggrandizement of His Royal Highness the Infant Duke of Parma in Italy and the Retrocession of Louisiana",Spain cedes the Louisiana Territory to France
1800,Treaty of Mortefontaine,https://en.wikipedia.org/wiki/Convention_of_1800_(Treaty_of_Mortefontaine),Also known as the Convention of 1800,Ends the Quasi-War between the United States and France
1801,Carnatic Treaty,https://en.wikipedia.org/wiki/Carnatic_Treaty,,"The Nawab of Arcot cedes territories in India to Great Britain for two hundred rupees, India"
1801,Treaty of Aranjuez (1801),https://en.wikipedia.org/wiki/Treaty_of_Aranjuez_(1801),,Confirms the Third Treaty of San Ildefonso between Spain and France
1801,Treaty of Badajoz (1801),https://en.wikipedia.org/wiki/Treaty_of_Badajoz_(1801),Also known as the Peace of Badajoz,Portugal cedes Olivenza to Spain and agrees to close its harbors to Great Britain
1801,Treaty of Madrid (1801),https://en.wikipedia.org/wiki/Treaty_of_Madrid_(1801),,Confirms the Treaty of Badajoz (1801) between Portugal and France; Portugal also agrees to pay 20 million francs and cedes half of Guiana
1801,Treaty of Florence,https://en.wikipedia.org/wiki/Treaty_of_Florence,,"The Kingdom of Naples cedes some central Italian possessions, the island of Elba , and the Athena of Velletri to France"
1801,Treaty of Lunéville,https://en.wikipedia.org/wiki/Treaty_of_Lun%C3%A9ville,,Ends the War of the Second Coalition against France
1802,Treaty of Amiens,https://en.wikipedia.org/wiki/Treaty_of_Amiens,,Ends the war between France and Great Britain
1802,Treaty of Bassein,https://en.wikipedia.org/wiki/Treaty_of_Bassein_(1802),,"The Maratha Peshwa of Pune cedes territories in western India to Great Britain , India"
1802,Treaty of Al Arish,https://en.wikipedia.org/wiki/Napoleonic_Campaign_in_Egypt,,Napoleon agrees to return Egypt to the Ottoman Empire
1803,Louisiana Purchase,https://en.wikipedia.org/wiki/Louisiana_Purchase,,United States buys the Louisiana Territory from France
1803,Treaty of Surji-Anjangaon,https://en.wikipedia.org/wiki/Treaty_of_Surji-Anjangaon,,"Between Great Britain and Daulat Rao Sindhia , chief of the Maratha Empire ; treaty was revised twice"
1803,Treaty of Fort Wayne,https://en.wikipedia.org/wiki/Treaty_of_Fort_Wayne_(1803),,"Between the United States and the Delaware , Shawnee , Potowatomi , Miami , and Kickapoo Indians, defining the boundaries of the Vincennes Tract in southwest Indiana"
1804,Treaty of St. Louis (1804),https://en.wikipedia.org/wiki/Treaty_of_St._Louis_(1804),,The Sac and Fox Indians cede Illinois to the United States
1805,Treaty of Saint Petersburg (1805),https://en.wikipedia.org/wiki/Treaty_of_Saint_Petersburg_(1805),,Great Britain and Russia agree to alliance against France
1805,Treaty of Tripoli (1805),https://en.wikipedia.org/wiki/Treaty_of_Tripoli_(1805),,"Between the United States and the Pasha of Tripoli , ending the First Barbary War"
1805,Treaty of Fort Industry,https://en.wikipedia.org/wiki/Treaty_of_Fort_Industry,,"The Ottawa , Chippewa , Wyandot , Potawatomi , Delaware , and Shawnee Indians cede eastern Ohio to the United States"
1805,Treaty of Potsdam (1805),https://en.wikipedia.org/wiki/Treaty_of_Potsdam_(1805),,Prussia agrees with Russia to join the Third Coalition against France if Napoleon rejects peace terms
1805,Treaty of Schönbrunn (1805),https://en.wikipedia.org/wiki/Treaty_of_Sch%C3%B6nbrunn_(1805),,Prussian treaty of friendship with France
1805,Peace of Pressburg (1805),https://en.wikipedia.org/wiki/Peace_of_Pressburg_(1805),,"Between France and Austria , ending Austria's participation in the War of the Fourth Coalition"
1806,Treaty of Poznań,https://en.wikipedia.org/wiki/Treaty_of_Pozna%C5%84,,Ends the war between France and Saxony after the latter's defeat during the War of the Fourth Coalition
1807,Treaty of Finckenstein,https://en.wikipedia.org/wiki/Treaty_of_Finckenstein,,Between France and Persia
1807,Treaties of Tilsit,https://en.wikipedia.org/wiki/Treaties_of_Tilsit,,"France, Russia , and Prussia create the Duchy of Warsaw"
1807,Russo-Serbian Alliance (1807),https://en.wikipedia.org/wiki/Russo-Serbian_Alliance_(1807),,Between Russia and Serbian rebels
1807,Treaty of Fontainebleau (October 1807),https://en.wikipedia.org/wiki/Treaty_of_Fontainebleau_(October_1807),,"Between Spain and France, proposing the partition of Portugal"
1807,Treaty of Fontainebleau (November 1807),https://en.wikipedia.org/wiki/Treaty_of_Fontainebleau_(November_1807),,Holland cedes Vlissingen to France and receives East Frisia
1807,Treaty of Detroit,https://en.wikipedia.org/wiki/Treaty_of_Detroit,,"The Ottawa , Chippewa , Wyandot , and Potawatomi Indians cede parts of Michigan and Ohio to the United States"
1808,Convention of Cintra,https://en.wikipedia.org/wiki/Convention_of_Cintra,,France withdraws from Portugal
1808,Treaty of Fort Clark,https://en.wikipedia.org/wiki/Treaty_of_Fort_Clark,Also known as the Treaty with the Osage or the Osage Treaty,The Osage Nation cedes large portions of the Missouri Territory to the United States
1809,Treaty of the Dardanelles,https://en.wikipedia.org/wiki/Treaty_of_the_Dardanelles,"Also known as the Dardanelles Treaty of Peace, Commerce, and Secret Alliance , the Treaty of Çanak , and the Treaty of Chanak",Between the Ottoman Empire and Great Britain
1809,Apodaca–Canning treaty,https://en.wikipedia.org/wiki/Apodaca%E2%80%93Canning_treaty,,Between Spain and Great Britain
1809,"Treaty of Amritsar, 1809","https://en.wikipedia.org/wiki/Treaty_of_Amritsar,_1809",,"Between Ranjit Singh and the British East India Company , restricting the Sikh Empire to north of the Sutlej River , India"
1809,Treaty of Hamina,https://en.wikipedia.org/wiki/Treaty_of_Hamina,Also known as the Treaty of Fredrikshamn,Ends the Finnish War between Sweden and Russia
1809,Treaty of Fort Wayne (1809),https://en.wikipedia.org/wiki/Treaty_of_Fort_Wayne_(1809),,"The Delaware , Eel River , Miami , Potawatomi , Kickapoo , and Wea Indians cede part of Indiana to the United States"
1809,Treaty of Schönbrunn,https://en.wikipedia.org/wiki/Treaty_of_Sch%C3%B6nbrunn,Also known as the Treaty of Vienna,Ends the War of the Fifth Coalition against Napoleon
1810,Treaty of Paris (1810),https://en.wikipedia.org/wiki/Treaty_of_Paris_(1810),,Ends the war between France and Sweden
1812,Treaty of Paris (24 February 1812),https://en.wikipedia.org/wiki/Treaty_of_Paris_(24_February_1812),,Prussian alliance with France against Russia
1812,Treaty of Paris (14 March 1812),https://en.wikipedia.org/wiki/Treaty_of_Paris_(14_March_1812),,Austrian alliance with France against Russia
1812,Treaty of Bucharest (1812),https://en.wikipedia.org/wiki/Treaty_of_Bucharest_(1812),,Ends the Russo-Turkish War (1806–12)
1812,Treaties of Örebro,https://en.wikipedia.org/wiki/Treaties_of_%C3%96rebro,,Ends the Anglo-Russian War (1807–1812) and Anglo-Swedish war of 1810–1812
1812,Convention of Tauroggen,https://en.wikipedia.org/wiki/Convention_of_Tauroggen,,Armistice between Ludwig von Yorck 's Prussian troops and Russia
1813,Treaty of Kalisz (1813),https://en.wikipedia.org/wiki/Treaty_of_Kalisz_(1813),,Russia and Prussia establish the Kalisz Union against Napoleon
1813,Treaty of Stockholm (1813),https://en.wikipedia.org/wiki/Treaty_of_Stockholm_(1813),,Great Britain and Sweden agree to military cooperation against France
1813,Treaties of Reichenbach,https://en.wikipedia.org/wiki/Treaties_of_Reichenbach_(1813),,"Great Britain , Russia , Prussia , and Austria establish the Sixth Coalition against Napoleon"
1813,Treaty of Peterswaldau,https://en.wikipedia.org/wiki/Treaty_of_Peterswaldau,,"Great Britain agrees to pay for 10,000 German troops in Russian service"
1813,Treaty of Töplitz,https://en.wikipedia.org/wiki/Treaty_of_T%C3%B6plitz,Also known in other spellings as the Treaty of Toeplitz and the Treaty of Toplitz,"Great Britain , Russia , Prussia , and Austria augment the Sixth Coalition against Napoleon"
1813,Treaty of Ried,https://en.wikipedia.org/wiki/Treaty_of_Ried,,Bavaria pledges to Austria to leave the Confederation of the Rhine and join the Sixth Coalition against Napoleon
1813,Treaty of Gulistan,https://en.wikipedia.org/wiki/Treaty_of_Gulistan,,Between Russia and Qajarid Persia
1813,Treaty of Fulda,https://en.wikipedia.org/wiki/Treaty_of_Fulda,,Württemberg agrees with Austria to leave the Confederation of the Rhine
1813,Treaty of Valençay,https://en.wikipedia.org/wiki/Treaty_of_Valen%C3%A7ay,,Napoleon restores Ferdinand VII of Spain to his throne
1814,Treaty of Naples (1814),https://en.wikipedia.org/wiki/Treaty_of_Naples_(1814),,Naples joins the Sixth Coalition against France
1814,Treaty of Kiel,https://en.wikipedia.org/wiki/Treaty_of_Kiel,,The king of Denmark–Norway cedes Norway to The king of Sweden in exchange for territories in Pomerania
1814,Treaty of Troyes (1814),https://en.wikipedia.org/wiki/Treaty_of_Troyes_(1814),,"Russia, Prussia and Austria separate their armies during the campaign in north-east France (1814)"
1814,Treaty of Chaumont,https://en.wikipedia.org/wiki/Treaty_of_Chaumont,,"Austria, Great Britain, Prussia and Russia agree to alliance against France"
1814,Treaty of Fontainebleau (1814),https://en.wikipedia.org/wiki/Treaty_of_Fontainebleau_(1814),,"Russia , Prussia , and Austria accept Napoleon 's abdication as Emperor of France, and allow him to remain Emperor of Elba"
1814,Convention of Mantua,https://en.wikipedia.org/wiki/Convention_of_Mantua,,Italy is returned to provisional Austrian rule
1814,Treaty of Paris,https://en.wikipedia.org/wiki/Treaty_of_Paris_(1814),,Ends the War of the Sixth Coalition against France
1814,Eight Articles of London,https://en.wikipedia.org/wiki/Eight_Articles_of_London,,Amalgamates the Netherlands and Belgium
1814,Treaty of Fort Jackson,https://en.wikipedia.org/wiki/Treaty_of_Fort_Jackson,"Also known as the Treaty with the Creeks, 1814",The Creek Indians cede territories to the United States
1814,Anglo-Dutch Treaty of 1814,https://en.wikipedia.org/wiki/Anglo-Dutch_Treaty_of_1814,Also known as the Convention of London,Between the Great Britain and the United Provinces (Netherlands)
1814,Convention of Moss,https://en.wikipedia.org/wiki/Convention_of_Moss,,Armistice agreement and de facto peace treaty between Norway and Sweden
1814,Treaty of Ghent,https://en.wikipedia.org/wiki/Treaty_of_Ghent,,Ends the War of 1812 between Great Britain and the United States
1815,Treaty of Paris (1815),https://en.wikipedia.org/wiki/Treaty_of_Paris_(1815),,Follows the defeat of Napoleon at the Battle of Waterloo
1815,Final Act of the Congress of Vienna,https://en.wikipedia.org/wiki/Final_Act_of_the_Congress_of_Vienna,,Ends the Napoleonic Wars
1815,Kandyan Convention,https://en.wikipedia.org/wiki/Kandyan_Convention,,"Between the British governor of Ceylon, Sir Robert Brownrigg, and the chiefs of the Kandyan Kingdom"
1815,Sugauli Treaty,https://en.wikipedia.org/wiki/Sugauli_Treaty,Also known as the Segowlee Treaty,Ends the Anglo-Nepalese War between Great Britain and Nepal
1815,Treaty of Springwells,https://en.wikipedia.org/wiki/Treaty_of_Springwells,,"The United States restored relations with the Wyandot , Delaware , Seneca , Shawnee , Miami , Chippewa , Ottawa , and Potawatomi Indians, absolving them for supporting Great Britain in the War of 1812"
1815,Quadruple Alliance (1815),https://en.wikipedia.org/wiki/Quadruple_Alliance_(1815),,"Between the UK, Austria, Prussia and Russia"
1815,Treaty of peace concluded between His United States of America and his Highness Omar Bashaw Dey of Algiers,,,Ended the Second Barbary War
1815,Treaty of Nicolls' Outpost,https://en.wikipedia.org/wiki/Treaty_of_Nicolls%27_Outpost,,Between the UK and Red Stick and allied Native Americans (unratified)
1816,Treaty of St. Louis (1816),https://en.wikipedia.org/wiki/Treaty_of_St._Louis_(1816),,"The Council of Three Fires cedes a 20-mile (32 km) strip of land, which connected Chicago and Lake Michigan with the Illinois River"
1817,Rush–Bagot Treaty,https://en.wikipedia.org/wiki/Rush%E2%80%93Bagot_Treaty,,Settles boundary disputes between the United States and Great Britain
1817,Treaty of Fort Meigs,https://en.wikipedia.org/wiki/Treaty_of_Fort_Meigs,Also known as the Treaty of the Foot of the Rapids,"Between the United States and the Wyandot , Seneca , Delaware , Shawnee , Potawatomi , Ottawa and Ojibwa tribes"
1817,Treaty of Titalia,https://en.wikipedia.org/wiki/Treaty_of_Titalia,,"The British East India Company restores land taken by Nepal to the chogyal (monarch) of Sikkim , who acknowledges the company as overlord, India"
1818,Treaty of 1818,https://en.wikipedia.org/wiki/Treaty_of_1818,"Also known as the Convention respecting fisheries, boundary, and the restoration of slaves , the London Convention , the Convention of 1818 , or the Anglo-American Convention of 1818",Resolves boundary disputes between the United States and the Great Britain ; leaves the Oregon Country open to both countries
1818,Treaty of St. Mary's,https://en.wikipedia.org/wiki/Treaty_of_St._Mary%27s,,Between the United States and the Miami people
1818,Treaty of the Creek Agency (1818),https://en.wikipedia.org/wiki/Treaty_of_the_Creek_Agency_(1818),,Between the United States and the Creek people
1818,Treaty of St. Louis (1818),https://en.wikipedia.org/wiki/Treaty_of_St._Louis_(1818),Also known as the Treaty with the Osage or the Osage Treaty,The Osage Nation cedes all territories to the United States beginning at the Arkansas River and ending at the Verdigris River
1818,Quintuple Alliance,https://en.wikipedia.org/wiki/Quintuple_Alliance,,France joined the quadruple alliance
1819,Adams–Onís Treaty,https://en.wikipedia.org/wiki/Adams%E2%80%93On%C3%ADs_Treaty,"Also known as the Treaty of Amity, Settlement, and Limits Between the United States of America and His Catholic Majesty , the Transcontinental Treaty of 1819 , and the Florida Purchase Treaty",Settles a border dispute between the United States and Spain
1819,Treaty of Saginaw,https://en.wikipedia.org/wiki/Treaty_of_Saginaw,,Native Americans cede land to the United States
1820,Treaty of Doak's Stand,https://en.wikipedia.org/wiki/Treaty_of_Doak%27s_Stand,Also known as the Treaty with the Choctaw,The Choctaw agree to surrender one-third of their land to the United States
1821,Treaty of Córdoba,https://en.wikipedia.org/wiki/Treaty_of_C%C3%B3rdoba,,Mexico becomes independent from Spain
1821,Treaty of Chicago,https://en.wikipedia.org/wiki/1821_Treaty_of_Chicago,,"The Ottawa , Ojibwe , and Potawatomi tribes cede to the United States all lands in the Michigan Territory south of the Grand River"
1821,Treaty of Indian Springs (1821),https://en.wikipedia.org/wiki/Treaty_of_Indian_Springs_(1821),,"Creek Indians cede land to the state of Georgia in return for cash payments totaling $200,000 over a period of 14 years"
1822,Capitulation of Quito,,,Set forth conditions for the withdrawal of the Spanish royalist forces from the territories of the Real Audiencia de Quito after the Battle of Pichincha
1823,Treaty of Moultrie Creek,https://en.wikipedia.org/wiki/Treaty_of_Moultrie_Creek,,Between the United States and the Creek people
1824,Second Anglo-Dutch Treaty,https://en.wikipedia.org/wiki/Anglo-Dutch_Treaty_of_1824,Also known as the Treaty of London,"Settles disputes between the United Kingdom and the Netherlands, dividing the Malay World"
1824,Russo-American Treaty of 1824,https://en.wikipedia.org/wiki/Russo-American_Treaty_of_1824,"Also known as the Convention Between the United States of America and His Majesty the Emperor of All the Russias, Relative to Navigating, Fishing, Etc., in the Pacific Ocean",The United States and Russia fix the southern limit of Russian America at 54°40' N
1824,Anderson–Gual Treaty,https://en.wikipedia.org/wiki/Anderson%E2%80%93Gual_Treaty,,First bilateral U.S. treaty with another country of the Americas
1825,Treaty of Rio de Janeiro (1825),https://en.wikipedia.org/wiki/Treaty_of_Rio_de_Janeiro_(1825),,The Kingdom of Portugal recognized the independence of the Empire of Brazil
1825,Osage Treaty (1825),https://en.wikipedia.org/wiki/Osage_Treaty_(1825),Also known as the Treaty with the Osage,The Osage Nation cedes territories to the United States within and west of Missouri and the Arkansas Territory
1825,Treaty of St. Louis (1825),https://en.wikipedia.org/wiki/Treaty_of_St._Louis_(1825),,The Shawnee Indians cede the area of Cape Girardeau in Missouri to the United States
1825,Treaty of Hanover (1825),,,Ends the War of German Dissolution
1825,Treaty of Indian Springs (1825),https://en.wikipedia.org/wiki/Treaty_of_Indian_Springs_(1825),,Relocates the Creek Indians in Georgia (except the Tokaubatchee) to a parcel of land along the Arkansas River
1825,First Treaty of Prairie du Chien,https://en.wikipedia.org/wiki/First_Treaty_of_Prairie_du_Chien,,"Between the United States and representatives of the Sioux , Sac and Fox , Menominee , Ioway , Winnebago and Anishinaabeg tribes"
1825,Treaty of Saint Petersburg (1825),https://en.wikipedia.org/wiki/Treaty_of_Saint_Petersburg_(1825),,"Also known as the Anglo-Russian Treaty of 1825. Great Britain and Russia fix the southern limit of Russian America at 54°40' N, and roughly outline the land boundary between the two Powers northwards from there"
1825,United States–Central America Treaty,https://en.wikipedia.org/wiki/United_States%E2%80%93Central_America_Treaty,,Between the United States and the Federal Republic of Central America
1826,Akkerman Convention,https://en.wikipedia.org/wiki/Akkerman_Convention,,Forces the Ottomans to retreat from Moldavia and Wallachia ; grants autonomy to the Principality of Serbia
1826,Treaty of Mississinewas,https://en.wikipedia.org/wiki/Treaty_of_Mississinewas,Also known as the Treaty of Mississinewa,Between the United States and the Miami tribe
1826,Treaty of Yandaboo,https://en.wikipedia.org/wiki/Treaty_of_Yandaboo,,Ends the First Burmese War
1826,Burney Treaty,https://en.wikipedia.org/wiki/Burney_Treaty,,"British acknowledge Siamese claim over the four northern Malay states of Kedah , Kelantan , Perlis and Terengganu"
1827,Treaty of London (1827),https://en.wikipedia.org/wiki/Treaty_of_London_(1827),,"Alliance between the United Kingdom, France and Russia to end Turkish action in Greece"
1828,Treaty of Turkmenchay,https://en.wikipedia.org/wiki/Treaty_of_Turkmenchay,,"Persia cedes northern territories to Russia , ending the Russo-Persian War, 1826–1828"
1828,Treaty of Montevideo (1828),https://en.wikipedia.org/wiki/Treaty_of_Montevideo_(1828),,Brazil and Argentina recognize the independence of Uruguay
1828,Treaty of Limits (Mexico–United States),https://en.wikipedia.org/wiki/Treaty_of_Limits_(Mexico%E2%80%93United_States),,"Between Mexico and the United States, confirming their shared border as agreed to by Spain and the U.S. in the Adams–Onís Treaty"
1829,London Protocol (1829),https://en.wikipedia.org/wiki/London_Protocol_(1829),,Formulates the boundaries of modern Greece
1829,Treaty of Edirne,https://en.wikipedia.org/wiki/Treaty_of_Adrianople_(1829),,The Ottoman Empire cedes to Russia the right to protect Greece and control the mouth of the Danube River
1829,Second Treaty of Prairie du Chien,https://en.wikipedia.org/wiki/Second_Treaty_of_Prairie_du_Chien,,Between the United States and representatives of the Council of Three Fires
1829,Third Treaty of Prairie du Chien,https://en.wikipedia.org/wiki/Third_Treaty_of_Prairie_du_Chien,,Between the United States and the Winnebago
1830,London Protocol (1830),https://en.wikipedia.org/wiki/London_Protocol_(1830),,Confirms sovereignty of Greece
1830,Treaty of Dancing Rabbit Creek,https://en.wikipedia.org/wiki/Treaty_of_Dancing_Rabbit_Creek,,The United States grants rights to the Choctaw Indians
1830,Fourth Treaty of Prairie du Chien,https://en.wikipedia.org/wiki/Fourth_Treaty_of_Prairie_du_Chien,,"Between the United States and the Sac and Fox , the Mdewakanton, Wahpekute, Wahpeton and Sisiton Sioux , Omaha , Ioway , Otoe and Missouria tribes"
1831,Treaty of the Eighteen Articles,https://en.wikipedia.org/wiki/Treaty_of_the_Eighteen_Articles,,An attempt to establish Belgium's borders
1831,Pacto Federal,https://en.wikipedia.org/wiki/Pacto_Federal,,"Establishes a military alliance between the Argentine provinces of Buenos Aires , Entre Ríos , and Santa Fe"
1832,Treaty of Cusseta,https://en.wikipedia.org/wiki/Treaty_of_Cusseta,,Between the United States and the Creek Indians
1832,Treaty of Pontotoc Creek,https://en.wikipedia.org/wiki/Treaty_of_Pontotoc_Creek,,Between the United States and the Chickasaws leading to their removal to present-day Oklahoma
1832,Treaty of Constantinople (1832),https://en.wikipedia.org/wiki/Treaty_of_Constantinople_(1832),,Officially ends the Greek War of Independence and establishes the borders of modern Greece
1832,London Protocol (1832),https://en.wikipedia.org/wiki/London_Protocol_(1832),,Reiterates and ratifies the terms of the Treaty of Constantinople (1832)
1833,Treaty of Hünkâr İskelesi,https://en.wikipedia.org/wiki/Treaty_of_H%C3%BCnk%C3%A2r_%C4%B0skelesi,,The Ottoman Empire grants Russia free passage through the Bosporus
1833,Convention of Kütahya,https://en.wikipedia.org/wiki/Convention_of_K%C3%BCtahya,,"Between the Ottoman Empire and its vassal Muhammad Ali of Egypt , granting Muhammad Ali extra privileges"
1833,Treaty of Chicago,https://en.wikipedia.org/wiki/1833_Treaty_of_Chicago,,Native American tribes cede lands west of Lake Michigan to the United States in exchange for a reservation of equal size further to the west on the Missouri River ; proclaimed in 1835
1833,Treaty of Zonhoven,https://en.wikipedia.org/wiki/Treaty_of_Zonhoven,,Establishes special regulations over the use of the Meuse River by the Netherlands and Belgium
1834,Treaty of Desmichels,https://en.wikipedia.org/wiki/Treaty_of_Desmichels,,France acknowledges Abd-el-Kader as Bey of Mascara and independent sovereign ruler of Oran in Algeria
1835,Treaty of New Echota,https://en.wikipedia.org/wiki/Treaty_of_New_Echota,,"Between a faction of the Cherokee Indians and the United States, ceding all Cherokee lands in Georgia and for all Georgia Cherokees to relocate to the Indian Territory"
1835,Batman's Treaty,https://en.wikipedia.org/wiki/Batman%27s_Treaty,,"Between John Batman and a group of Wurundjeri elders for the sale of land around Port Phillip , Australia"
1836,Treaties of Velasco,https://en.wikipedia.org/wiki/Treaties_of_Velasco,,"Between Mexico and the Republic of Texas , establishing the independence of Texas"
1836,Treaty of Washington (1836),https://en.wikipedia.org/wiki/Treaty_of_Washington_(1836),,The Ottawa and Chippewa Indians cede parts of northern Michigan to the United States
1837,Munich Coin Treaty,https://en.wikipedia.org/wiki/Munich_Coin_Treaty,,Unification of currency by six south German states
1837,Treaty of Tafna,https://en.wikipedia.org/wiki/Treaty_of_Tafna,,Ends conflict between French and Algerian forces; France cedes territories to Abd-el-Kader
1838,Treaty of Balta Liman,https://en.wikipedia.org/wiki/Treaty_of_Balta_Liman,,Commercial treaty between the Ottoman Empire and the Great Britain
1838,Second Treaty of Buffalo Creek,https://en.wikipedia.org/wiki/Second_Treaty_of_Buffalo_Creek,,Between the Seneca tribe of Western New York and certain purchasers of rights to the Indians' land
1838,Dresden Coinage Convention,https://en.wikipedia.org/wiki/Dresden_Coinage_Convention,,Currency treaty between the states of the Zollverein
1839,Edict of Toleration (Hawaii),https://en.wikipedia.org/wiki/Edict_of_Toleration_(Hawaii),,King Kamehameha III establishes the Roman Catholic Diocese of Honolulu
1839,Treaty of London (1839),https://en.wikipedia.org/wiki/Treaty_of_London_(1839),Also known as the Convention of 1839,Guarantees the neutrality of Belgium
1840,Treaty of Waitangi,https://en.wikipedia.org/wiki/Treaty_of_Waitangi,,"Between Great Britain and the Maori of New Zealand, which becomes a British colony"
1841,Treaty for the Suppression of the African Slave Trade,https://en.wikipedia.org/wiki/Treaty_for_the_Suppression_of_the_African_Slave_Trade,,"First multilateral treaty to suppress the slave trade, signed by Austria , Britain , France , Prussia and Russia"
1842,Treaty of Nanjing,https://en.wikipedia.org/wiki/Treaty_of_Nanjing,,Ends the First Opium War between Great Britain and China; China cedes Hong Kong Island to Britain
1842,Webster–Ashburton Treaty,https://en.wikipedia.org/wiki/Webster%E2%80%93Ashburton_Treaty,,Settles boundary disputes between the United States and Canada
1842,Third Treaty of Buffalo Creek,https://en.wikipedia.org/wiki/Third_Treaty_of_Buffalo_Creek,,Between the US and Seneca Indians
1843,Treaty of Maastricht (1843),https://en.wikipedia.org/wiki/Treaty_of_Maastricht_(1843),,Establishes borders between Belgium and the Netherlands
1844,Treaty of Tangiers,https://en.wikipedia.org/wiki/Treaty_of_Tangiers,,Ends First Franco-Moroccan War
1844,Treaty of Tehuacana Creek,https://en.wikipedia.org/wiki/Treaty_of_Tehuacana_Creek,"Also known as the Treaty of Peace, Friendship and Commerce",Establishes peace between the Republic of Texas and various Native American tribes
1844,Treaty of Wanghia,https://en.wikipedia.org/wiki/Treaty_of_Wanghia,"Also known as the Treaty of Wangxia , Sino-American Treaty of Wanghia and US-China Treaty of Wanghia. Formally known as the Treaty of peace, amity, and commerce, between the United States of America and the Chinese Empire",First agreement between the United States of America and the Qing Empire. Establishes five U.S. treaty ports in China with extraterritoriality . The U.S. imposes its first unequal treaty on the dynasty
1844,Treaty of Whampoa,https://en.wikipedia.org/wiki/Treaty_of_Whampoa,,China grants privileges to France
1846,Oregon Treaty,https://en.wikipedia.org/wiki/Oregon_Treaty,"Also known as the Treaty with the United Kingdom, in Regard to Limits Westward of the Rocky Mountains , and the Treaty of Washington",Establishes the border between the British and American sections of the Oregon Country
1846,Treaty of Lahore,https://en.wikipedia.org/wiki/Treaty_of_Lahore,,Ends the First Sikh War between Great Britain and the Sikh Empire
1846,Treaty of Amritsar,"https://en.wikipedia.org/wiki/Treaty_of_Amritsar,_1846",,"The British East India Company recognizes Gulab Singh Dogra as ruler of Kashmir , India"
1846,Mallarino–Bidlack Treaty,https://en.wikipedia.org/wiki/Mallarino%E2%80%93Bidlack_Treaty,"Also known as the Tratado de Paz, Amistad, Navegación y Comercio (Treaty of Peace, Friendship, Navigation and Trade)",New Granada (today Colombia) and the United States establish diplomatic and commercial relations
1847,Treaty of Cahuenga,https://en.wikipedia.org/wiki/Treaty_of_Cahuenga,,First treaty to end the Mexican–American War
1848,Treaty of Guadalupe Hidalgo,https://en.wikipedia.org/wiki/Treaty_of_Guadalupe_Hidalgo,,Second treaty ending the Mexican–American War
1850,Arana–Southern Treaty,https://en.wikipedia.org/wiki/Arana%E2%80%93Southern_Treaty,,Great Britain ends the blockade of Argentina
1850,Clayton–Bulwer Treaty,https://en.wikipedia.org/wiki/Clayton%E2%80%93Bulwer_Treaty,,The United States and the Great Britain agree not to colonize Central America
1850,Punctation of Olmütz,https://en.wikipedia.org/wiki/Punctation_of_Olm%C3%BCtz,,Between Prussia and Austria
1851,Treaty of Mendota,https://en.wikipedia.org/wiki/Treaty_of_Mendota,,Between the United States and the Sioux tribes of Minnesota (Mdewakanton and Wahpekute)
1851,Treaty of Fort Laramie (1851),https://en.wikipedia.org/wiki/Treaty_of_Fort_Laramie_(1851),,United States negotiates safe passage for Oregon Trail settlers with Native Americans
1851,Treaty of Kulja,https://en.wikipedia.org/wiki/Treaty_of_Kulja,Also known as the Treaty of Kuldja,China and Russia establish commercial relations
1851,Treaty of Traverse des Sioux,https://en.wikipedia.org/wiki/Treaty_of_Traverse_des_Sioux,,Between the United States and the Sioux Indians of Minnesota
1852,London Protocol (1852),https://en.wikipedia.org/wiki/London_Protocol_(1852),,Signed after the First War of Schleswig
1852,Sand River Convention,https://en.wikipedia.org/wiki/Sand_River_Convention,,Regulated the relationship between British government of the Cape Colony and the Boers north of the Orange River in South Africa
1854,Convention of Kanagawa,https://en.wikipedia.org/wiki/Convention_of_Kanagawa,Also known as the Kanagawa Treaty,Japan is opened to American trade
1854,Anglo-Japanese Friendship Treaty,https://en.wikipedia.org/wiki/Anglo-Japanese_Friendship_Treaty,,Japan is opened to British trade
1854,Treaty with the Umpqua and Kalapuya,,,Between the United States and the tribes of Umpqua and Kalapuya in the Oregon Territory
1854,Treaty of Medicine Creek,https://en.wikipedia.org/wiki/Treaty_of_Medicine_Creek,,"The Nisqually , Puyallup , and Squaxin Island tribes , along with six other smaller Native American tribes cede territories to the United States"
1855,Bowring Treaty,https://en.wikipedia.org/wiki/Bowring_Treaty,Officially known as a Treaty of Friendship and Commerce,"Between Great Britain and Siam , opening Bangkok to foreign free trade, and guaranteeing Siam's independence"
1855,Treaty of Hellgate,https://en.wikipedia.org/wiki/Treaty_of_Hellgate,,"The Bitterroot Salish , Pend d'Oreille , and Kootenai tribes cede territories to the United States"
1855,Treaty of Shimoda,https://en.wikipedia.org/wiki/Treaty_of_Shimoda,,Defines the border between Japan and Russia and opens three Japanese ports to foreign trade
1855,Treaty of Neah Bay,https://en.wikipedia.org/wiki/Treaty_of_Neah_Bay,,Between the United States and the Makah people
1855,"Treaty with the Kalapuya, etc.","https://en.wikipedia.org/wiki/Treaty_with_the_Kalapuya,_etc.",,"Between the United States and the tribes of Kalapuya , Molala , Clackamas and others in the Oregon Territory"
1855,Canadian–American Reciprocity Treaty,https://en.wikipedia.org/wiki/Canadian%E2%80%93American_Reciprocity_Treaty,Also known as the Elgin-Marcy Treaty,Trade treaty between the colonies of British North America and the United States
1855,Point Elliott Treaty,https://en.wikipedia.org/wiki/Point_Elliott_Treaty,,United States government and various Native American tribes of the Puget Sound region in the newly formed Washington Territory
1855,Point No Point Treaty,https://en.wikipedia.org/wiki/Point_No_Point_Treaty,,"Original inhabitants of the Kitsap Peninsula cede ownership of their land in exchange for small reservations in Hood Canal and a payment of 60,000 dollars from the U.S. federal government"
1855,Quinault Treaty,https://en.wikipedia.org/wiki/Quinault_Treaty,,The Quinault and Quileute (including the Hoh ) tribes cede territories to the United States government
1855,Treaty with the Nez Perce,,,"Conducted at Walla Walla, Washington, wherein the United States recognizes the sovereignty and lands of the Nez Perce. Territory becomes part of United States. Ratified 1859"
1855,"Treaty with the Confederated Umatilla, Cayuse, and Walla Walla Tribes",,,"Conducted at Walla Walla, Washington, wherein the United States recognizes the sovereignty and lands of the Cayuse, Umatilla, and Walla Walla. Territory becomes part of United States. Ratified 1859"
1855,Treaty with the Yakama Confederated Tribes and Bands,,,"Conducted at Walla Walla, Washington, wherein the United States recognizes the sovereignty and lands of the many and varied bands and tribes making up the Yakama Confederated Tribes and Bands. Territory becomes part of United States. Ratified 1859"
1855,"""Buffalo"" Treaty",,,"Conducted near Ft. Benton, Montana, at Blackfoot Council wherein several tribal nations east and west of continental divide agreed to peace terms and mutual use of territories while hunting buffalo"
1856,Treaty of Paris (1856),https://en.wikipedia.org/wiki/Treaty_of_Paris_(1856),Also known as the Congress of Paris,Ends the Crimean War
1857,Vienna Monetary Treaty,https://en.wikipedia.org/wiki/Vienna_Monetary_Treaty,,Monetary Treaty Between the German States
1857,Fourth Treaty of Buffalo Creek,https://en.wikipedia.org/wiki/Fourth_Treaty_of_Buffalo_Creek,,Between the US and Seneca Indians
1858,Treaty of Tientsin,https://en.wikipedia.org/wiki/Treaty_of_Tientsin,,Ends the first phase of the Second Opium War between Great Britain and China
1858,Treaty of Aigun,https://en.wikipedia.org/wiki/Treaty_of_Aigun,,Specifies border between Russia and China
1858,Treaty of Amity and Commerce (United States–Japan),https://en.wikipedia.org/wiki/Treaty_of_Amity_and_Commerce_(United_States%E2%80%93Japan),Also known as the Harris Treaty,Japanese treaty ports opened to trade with USA
1858,1858 Treaty of Amity and Commerce between the Netherlands and Japan,https://en.wikipedia.org/wiki/1858_Treaty_of_Amity_and_Commerce_between_the_Netherlands_and_Japan,,Additional Japanese treaty ports opened to trade with the Netherlands
1858,Anglo-Japanese Treaty of Amity and Commerce,https://en.wikipedia.org/wiki/Anglo-Japanese_Treaty_of_Amity_and_Commerce,,Japanese treaty ports opened to trade with Great Britain
1858,Treaty of Amity and Commerce between France and Japan,https://en.wikipedia.org/wiki/Treaty_of_Amity_and_Commerce_between_France_and_Japan,,Japanese treaty ports opened to trade with France
1859,Treaty of Wyke-Aycinena,,,Peace treaty between Guatemala and the U.K
1859,Treaty of Zurich,https://en.wikipedia.org/wiki/Treaty_of_Zurich,,Franco -Austrian armistice formalizing the Peace of Villafranca
1860,Cobden–Chevalier Treaty,https://en.wikipedia.org/wiki/Cobden%E2%80%93Chevalier_Treaty,,Establishes free trade between Great Britain and France
1860,Convention of Peking,https://en.wikipedia.org/wiki/Convention_of_Peking,Also known as the First Convention of Peking,Ends the Second Opium War between Great Britain and China; China cedes Kowloon Peninsula to Great Britain
1860,"Treaty of Peace, Amity and Commerce between Portugal and Japan (1860)","https://en.wikipedia.org/wiki/Treaty_of_Peace,_Amity_and_Commerce_between_Portugal_and_Japan_(1860)",,Japanese treaty ports opened to trade with Portugal
1861,Franco-Monegasque Treaty,https://en.wikipedia.org/wiki/Franco-Monegasque_Treaty,,Grants sovereignty to Monaco
1861,Treaty of Amity and Commerce between Prussia and Japan (1861),https://en.wikipedia.org/wiki/Treaty_of_Amity_and_Commerce_between_Prussia_and_Japan_(1861),,Japanese treaty ports opened to trade with Prussia
1862,Treaty of Commerce and Navigation,,,Established official trade agreements between the United States and Ottoman Empire
1862,Convention of Scutari,https://en.wikipedia.org/wiki/Convention_of_Scutari,,Montenegro acknowledges Ottoman suzerainty
1862,Anglo-Belgian Treaty of Commerce and Navigation,https://en.wikipedia.org/wiki/Anglo-Belgian_Treaty_of_Commerce_and_Navigation,,Free trade agreement between the United Kingdom and Belgium. First commercial treaty to contain a modern stipulation for withdrawal
1862,First Treaty of Saigon,https://en.wikipedia.org/wiki/First_Treaty_of_Saigon,,"Emperor Tự Đức cedes Saigon , the island of Poulo Condor , and three southern provinces ( Biên Hòa , Gia Định , and Dinh Tuong) to the French Empire"
1863,Treaty of Hué (1863),https://en.wikipedia.org/wiki/Treaty_of_Hu%C3%A9_(1863),,Confirms the First Treaty of Saigon
1863,Treaty of Ruby Valley (1863),https://en.wikipedia.org/wiki/Treaty_of_Ruby_Valley_(1863),,The Western Shoshone Indians give certain rights in Nevada Territory to the United States
1863,Treaty on a protectorate between France and Cambodia (1863),,,Beginning of a protectorate in Cambodia
1864,First Geneva Convention,https://en.wikipedia.org/wiki/First_Geneva_Convention,"Also known as the Convention for the Amelioration of the Condition of the Wounded in Armies in the Field, 1864",Establishes rules for the treatment of battlefield casualties
1864,Treaty of London (1864),https://en.wikipedia.org/wiki/Treaty_of_London_(1864),,Great Britain cedes the Ionian Islands to Greece
1864,Treaty of Vienna (1864),https://en.wikipedia.org/wiki/Treaty_of_Vienna_(1864),,Ends the Second War of Schleswig between Denmark and Austria/Prussia
1865,Treaty of the Triple Alliance,https://en.wikipedia.org/wiki/Treaty_of_the_Triple_Alliance,,"Military alliance between Brazil , Argentina and Uruguay against Paraguay"
1865,Red Cross Conventions,https://en.wikipedia.org/wiki/Red_Cross_Conventions,,Treaty with the United States as signatory to aid the wounded. :p. 7
1866,Peace of Prague (1866),https://en.wikipedia.org/wiki/Peace_of_Prague_(1866),,Ends Austro-Prussian War
1867,Alaska Purchase,https://en.wikipedia.org/wiki/Alaska_Purchase,,The United States buys Alaska from Russia
1867,Medicine Lodge Treaty,https://en.wikipedia.org/wiki/Medicine_Lodge_Treaty,,Negotiations between the United States and Native Americans
1867,Treaty of London (1867),https://en.wikipedia.org/wiki/Treaty_of_London_(1867),Also known as the Second Treaty of London,An international accord in the aftermath of the Austro-Prussian War and the Luxembourg Crisis
1868,Burlingame Treaty,https://en.wikipedia.org/wiki/Burlingame_Treaty,,Establishes relations between the United States and China
1868,Treaty of Fort Laramie (1868),https://en.wikipedia.org/wiki/Treaty_of_Fort_Laramie_(1868),,Ends Red Cloud's War
1868,Bancroft Treaties (Treaty on Naturalization),https://en.wikipedia.org/wiki/Bancroft_Treaties,,The North German Confederation recognizes the legal right of its subjects to become citizens of the United States; the first European government to do so
1871,Treaty of Frankfurt (1871),https://en.wikipedia.org/wiki/Treaty_of_Frankfurt_(1871),,Ends the Franco-Prussian War
1871,Treaty of Washington (1871),https://en.wikipedia.org/wiki/Treaty_of_Washington_(1871),,Settles grievances between the United States and Great Britain
1871,Treaty 1 (Stone Fort Treaty),https://en.wikipedia.org/wiki/Treaty_1,,Ojibwe and Swampy Cree Indians of southeastern Manitoba accept the sovereignty of Canada
1871,Treaty 2 (Manitoba Post Treaty),https://en.wikipedia.org/wiki/Treaty_2,,Ojibwe Indians of southwestern Manitoba accept the sovereignty of Canada
1873,Iron Rhine Treaty,https://en.wikipedia.org/wiki/Iron_Rhine_Treaty,,Regulates the passage of a railway line from Antwerp (in Belgium) to Mönchengladbach (in Germany) over Dutch territory in Limburg
1873,Treaty 3 (Northwest Angle Treaty),https://en.wikipedia.org/wiki/Treaty_3,,Ojibwe Indians of eastern Manitoba and western Ontario accept the sovereignty of Canada
1874,Pangkor Treaty of 1874,https://en.wikipedia.org/wiki/Pangkor_Treaty_of_1874,,Perak becomes the first Malay state to accept British Resident
1874,Treaty of Berne,https://en.wikipedia.org/wiki/Treaty_of_Berne,,Universal Postal Union becomes the second oldest international organization. : p. 29
1874,Second Treaty of Saigon,https://en.wikipedia.org/wiki/Second_Treaty_of_Saigon,,"Reiterates the Treaty of Saigon (1862); the Red River (Song Hong) opens for trade, as well as the ports of Hanoi , Haiphong and Qui Nonh"
1874,Treaty 4 (Qu'appelle Treaty),https://en.wikipedia.org/wiki/Treaty_4,,Cree and Saulteaux Indians of southern Saskatchewan accept the sovereignty of Canada
1875,Treaty of Saint Petersburg (1875),https://en.wikipedia.org/wiki/Treaty_of_Saint_Petersburg_(1875),,"In exchange for the Kuril Islands , Japan relinquishes claims on Sakhalin"
1875,Convention du Mètre,https://en.wikipedia.org/wiki/Convention_du_M%C3%A8tre,Also known as the Meter Convention and the Treaty of the Meter,An international treaty that establishes three organizations to oversee the keeping of metric standards
1875,Reciprocity Treaty of 1875,https://en.wikipedia.org/wiki/Reciprocity_Treaty_of_1875,,A free trade agreement between the United States and the Hawaiian Kingdom
1875,Treaty 5,https://en.wikipedia.org/wiki/Treaty_5,,"Saulteaux and Swampy Cree Indians, and Michel Band métis of Manitoba accept the sovereignty of Canada"
1876,Japan–Korea Treaty of 1876,https://en.wikipedia.org/wiki/Japan%E2%80%93Korea_Treaty_of_1876,Also known as the Nitchō-shūkōjōki or Treaty of Ganghwa,First Unequal treaty of Korean Joseon dynasty
1876,Treaty 6,https://en.wikipedia.org/wiki/Treaty_6,,Plain and Wood Cree and Assiniboine Indians of central Alberta and Saskatchewan accept the sovereignty of Canada
1877,London Protocol (1877),https://en.wikipedia.org/wiki/London_Protocol_(1877),,Great Britain agrees to remain neutral in any conflict between the Ottoman Empire and Russia
1877,Treaty 7,https://en.wikipedia.org/wiki/Treaty_7,,"Blackfoot , Nakota , and Sarcee Indians of Alberta accept the sovereignty of Canada"
1878,Cyprus Convention,https://en.wikipedia.org/wiki/Cyprus_Convention,,The Ottoman Empire cedes Cyprus to Great Britain in return for military support against Russia
1878,Pact of Zanjón,https://en.wikipedia.org/wiki/Pact_of_Zanj%C3%B3n,,Ends the Cuban Ten Years' War
1878,Treaty of San Stefano,https://en.wikipedia.org/wiki/Treaty_of_San_Stefano,,Ends the Russo-Turkish War (1877–78) between Russia and the Ottoman Empire
1878,Treaty of Berlin (1878),https://en.wikipedia.org/wiki/Treaty_of_Berlin_(1878),,Amends the Treaty of San Stefano
1879,Treaty of Gandamak,https://en.wikipedia.org/wiki/Treaty_of_Gandamak,,Ends the first phase of the Second Anglo-Afghan War
1881,Boundary treaty of 1881 between Chile and Argentina,https://en.wikipedia.org/wiki/Boundary_treaty_of_1881_between_Chile_and_Argentina,,Chile and Argentina define their boundary
1881,Treaty of Akhal,https://en.wikipedia.org/wiki/Treaty_of_Akhal,,Persia officially recognizes the annexation of Khwarazm by Russia
1881,Treaty of Bardo,https://en.wikipedia.org/wiki/Treaty_of_Bardo,Also known as the Treaty of Al-Qasr as-Sa'id and the Treaty of Kasser Said,Tunisia becomes a protectorate of France
1882,Triple Alliance (1882),https://en.wikipedia.org/wiki/Triple_Alliance_(1882),,"Alliance between Germany , Austria-Hungary and Italy"
1882,Kilmainham Treaty,https://en.wikipedia.org/wiki/Kilmainham_Treaty,,Between the British government under William Ewart Gladstone and the Irish nationalist leader Charles Stewart Parnell
1883,Paris Convention for the Protection of Industrial Property,https://en.wikipedia.org/wiki/Paris_Convention_for_the_Protection_of_Industrial_Property,,Intellectual property systems (including patents) of any contracting state become accessible to the nationals of other states party to the convention
1883,Treaty of Ancón,https://en.wikipedia.org/wiki/Treaty_of_Anc%C3%B3n,,Settles territorial disputes between Peru and Chile
1883,Treaty of Hué (1883),https://en.wikipedia.org/wiki/Treaty_of_Hu%C3%A9_(1883),Also known as the Treaty of Protectorate,Annam cedes protectorate over Annam and Tonkin to France; not confirmed as too harsh
1884,Treaty of Hué (1884),https://en.wikipedia.org/wiki/Treaty_of_Hu%C3%A9_(1884),,"Between Annam and France, replacing the Treaty of Hué (1883)"
1885,Treaty of Simulambuco,https://en.wikipedia.org/wiki/Treaty_of_Simulambuco,,Between Portugal and the Ngoyo Kingdom in the Cabinda enclave north of Angola
1886,Berne Convention,https://en.wikipedia.org/wiki/Berne_Convention_for_the_Protection_of_Literary_and_Artistic_Works,Also known as the Berne Convention for the Protection of Literary and Artistic Works,International agreement about copyright
1886,Treaty of Bucharest (1886),https://en.wikipedia.org/wiki/Treaty_of_Bucharest_(1886),,Ends war between Serbia and Bulgaria
1887,Reinsurance Treaty,https://en.wikipedia.org/wiki/Reinsurance_Treaty,,Between Germany and Russia
1889,Treaty of Berlin (1889),https://en.wikipedia.org/wiki/Treaty_of_Berlin_(1889),,"The United States, Great Britain , and Germany establish a condominium and recognize the independence of Samoa"
1889,Treaty of Wuchale,https://en.wikipedia.org/wiki/Treaty_of_Wuchale,,"Peace treaty between Ethiopia and Italy, subsequently disputed"
1889,Puna de Atacama dispute,https://en.wikipedia.org/wiki/Puna_de_Atacama_dispute,,Secret treaty between Argentina and Bolivia (see also 1891)
1890,Heligoland–Zanzibar Treaty,https://en.wikipedia.org/wiki/Heligoland%E2%80%93Zanzibar_Treaty,Also known as the Anglo-German Agreement of 1890,Agreement between the Great Britain and Germany concerning mainly territorial interests in Africa
1890,"Brussels Conference Act of 1890 on Slave Trade and Importation into Africa of Firearms, Ammunition, and Spiritous Liquors",https://en.wikipedia.org/wiki/Brussels_Conference_Act_of_1890,,"Anti-slavery treaty, also considered the first drug control treaty for its inclusion of non-medical alcohol"
1890,General Act of Berlin,,,Treaty establishing the neutrality and autonomous government of Samoa. :116
1890,Pan American Union,https://en.wikipedia.org/wiki/Organization_of_American_States,,Treaty between the United States and countries in Latin America. Would later become the Organization of American States. :129
1891,Treaty of Madrid (1891),https://en.wikipedia.org/wiki/Treaty_of_Madrid_(1891),Also known as the Madrid Agreement concerning the International Registration of Marks,Gives France legal protection of the word champagne
1891,Puna de Atacama dispute,https://en.wikipedia.org/wiki/Puna_de_Atacama_dispute,,Secret treaty between Chili and Bolivia (see also 1889)
1895,Treaty of The Hague (1895),https://en.wikipedia.org/wiki/Treaty_of_The_Hague_(1895),,Establishes boundaries of British New Guinea
1895,Treaty of Shimonoseki,https://en.wikipedia.org/wiki/Treaty_of_Shimonoseki,Also known as the Treaty of Maguan,Ends the First Sino-Japanese War between China and Japan
1895,"Treaty of Friendship, Commerce and Navigation between Brazil and Japan",,,Establishes diplomatic and commercial relations between Brazil and Japan
1896,Treaty of Addis Ababa,https://en.wikipedia.org/wiki/Treaty_of_Addis_Ababa,,"Abrogates the Treaty of Wuchale , formally ends the First Italo–Ethiopian War , and recognizes Ethiopia as an independent state"
1897,Treaty of Constantinople (1897),https://en.wikipedia.org/wiki/Treaty_of_Constantinople_(1897),,Ends hostilities between the Ottoman Empire and Greece. Greece pays reparations. Crete autonomous under Ottoman suzerainty ( Cretan State )
1897,Franco-Ethiopian treaty (1897),,,France and Ethiopia the boundary between Ethiopia and French Somaliland
1898,Treaty of Paris (1898),https://en.wikipedia.org/wiki/Treaty_of_Paris_(1898),,Ends the Spanish–American War
1898,Convention for the Extension of Hong Kong Territory,https://en.wikipedia.org/wiki/Convention_for_the_Extension_of_Hong_Kong_Territory,Also known as the Second Convention of Peking,China cedes the New Territories to Great Britain
1899,Hague Conventions of 1899 and 1907,https://en.wikipedia.org/wiki/Hague_Conventions_of_1899_and_1907,,Attempts to formalize laws of war
1899,Tripartite Convention (1899),https://en.wikipedia.org/wiki/Tripartite_Convention_(1899),,Divides Samoa between the United States and Germany
1899,Kiram-Bates Treaty,https://en.wikipedia.org/wiki/Kiram-Bates_Treaty,,"Treaty of the United States with the Sultanate of Sulu to stay out of the Philippine–American War . Subsequently, betrayed by the Americans after the war, sparking the Moro Rebellion"
1899,Treaty 8,https://en.wikipedia.org/wiki/Treaty_8,,"Cree and Chipewyan Indians cede northern British Columbia , Alberta , and Saskatchewan to Canada and accept Canadian sovereignty"
